{
  "incumbent_ids": [
    3
  ],
  "rejected_config_ids": [
    1,
    2
  ],
  "incumbents_changed": 3,
  "trajectory": [
    {
      "config_ids": [
        1
      ],
      "costs": [
        0.4182936481919952
      ],
      "trial": 1,
      "walltime": 8.793005466461182
    },
    {
      "config_ids": [
        2
      ],
      "costs": [
        0.25007625036435016
      ],
      "trial": 4,
      "walltime": 18.000123262405396
    },
    {
      "config_ids": [
        3
      ],
      "costs": [
        0.17387998998151286
      ],
      "trial": 8,
      "walltime": 34.42908835411072
    }
  ],
  "state": {
    "queue": [
      [
        4,
        2
      ]
    ]
  }
}