{
  "stats": {
    "submitted": 10,
    "finished": 10,
    "running": 0
  },
  "data": [
    [
      1,
      null,
      209652396,
      null,
      0.4182936481919952,
      8.782192945480347,
      1,
      1709754180.1847115,
      1709754188.9702797,
      {}
    ],
    [
      1,
      null,
      398764591,
      null,
      0.4183627352293668,
      3.6691150665283203,
      1,
      1709754188.9827886,
      1709754192.6532273,
      {}
    ],
    [
      2,
      null,
      209652396,
      null,
      0.25031014373707305,
      2.8702850341796875,
      1,
      1709754192.6626942,
      1709754195.535212,
      {}
    ],
    [
      2,
      null,
      398764591,
      null,
      0.24984235699162724,
      2.617622137069702,
      1,
      1709754195.5480354,
      1709754198.1685581,
      {}
    ],
    [
      2,
      null,
      924231285,
      null,
      0.25010912906778904,
      2.621460437774658,
      1,
      1709754198.1994805,
      1709754200.8241327,
      {}
    ],
    [
      3,
      null,
      209652396,
      null,
      0.17373918162688662,
      4.175725221633911,
      1,
      1709754201.5508838,
      1709754205.7279594,
      {}
    ],
    [
      3,
      null,
      398764591,
      null,
      0.1743897555684237,
      5.307897329330444,
      1,
      1709754205.7614923,
      1709754211.0830293,
      {}
    ],
    [
      3,
      null,
      924231285,
      null,
      0.17351103274922816,
      3.514794111251831,
      1,
      1709754211.0903456,
      1709754214.606736,
      {}
    ],
    [
      4,
      null,
      209652396,
      null,
      0.206106712627966,
      5.188839673995972,
      1,
      1709754214.620924,
      1709754219.812771,
      {}
    ],
    [
      4,
      null,
      398764591,
      null,
      0.20655049147886514,
      4.027074813842773,
      1,
      1709754219.817156,
      1709754223.8480287,
      {}
    ]
  ],
  "configs": {
    "1": {
      "colsample_amount": 0.27420973585918546,
      "colsample_by": "level",
      "learning_rate": 0.016406493221253413,
      "min_child_weight": 2.1177623700350523,
      "n_estimators": 23,
      "num_parallel_tree": 17,
      "reg_lambda": 9.599755145609379,
      "subsample": 0.9968127990048379
    },
    "2": {
      "colsample_amount": 0.7756838992610574,
      "colsample_by": "node",
      "learning_rate": 0.10256967344627828,
      "min_child_weight": 6.52035535313189,
      "n_estimators": 13,
      "num_parallel_tree": 18,
      "reg_lambda": 2.6357595901936293,
      "subsample": 0.17004768340848386
    },
    "3": {
      "colsample_amount": 0.5801526469676958,
      "colsample_by": "node",
      "learning_rate": 0.5258371871025547,
      "min_child_weight": 9.603736266115348,
      "n_estimators": 19,
      "num_parallel_tree": 21,
      "reg_lambda": 6.809849579807193,
      "subsample": 0.0875774934974139
    },
    "4": {
      "colsample_amount": 0.5398654411727789,
      "colsample_by": "node",
      "learning_rate": 0.09762347102876409,
      "min_child_weight": 2.35266369117066,
      "n_estimators": 22,
      "num_parallel_tree": 18,
      "reg_lambda": 2.535317439625957,
      "subsample": 0.5380808902856785
    }
  },
  "config_origins": {
    "1": "Initial Design: Sobol",
    "2": "Initial Design: Sobol",
    "3": "Acquisition Function Maximizer: Local Search",
    "4": "Acquisition Function Maximizer: Local Search"
  }
}