dataset name,amount of badness,task,base learner,macro_f1,auc_roc,minority_precision,minority_recall,minority_f1,majority_f1,train_time,inference_time
credit-g,0.25,Task.DATA_IMBALANCE,DT,0.6044647144301711,0.7614285714285713,0.3615942028985507,0.611111111111111,0.44379485298612387,0.7651345758742185,0.08748781424947083,0.000961674377322197
credit-g,0.25,Task.DATA_IMBALANCE,RF,0.6023836882183444,0.76984126984127,0.3520767195767196,0.7444444444444445,0.4698648660912812,0.7349025103454078,0.10152549520134926,0.001070384867489338
credit-g,0.02,Task.DATA_IMBALANCE,DT,0.5481019188693513,0.8028571428571428,0.09,0.4,0.13791208791208792,0.9582917498266147,0.05412971475161612,0.0008338339626789093
credit-g,0.02,Task.DATA_IMBALANCE,RF,0.48768681054988844,0.8114285714285714,0.026050420168067225,0.3,0.047719298245614036,0.9276543228541628,0.07599454117007554,0.0009823942091315985
credit-g,0.03,Task.DATA_IMBALANCE,DT,0.45971585367656687,0.8438095238095238,0.06762422360248446,0.7,0.12204301075268816,0.7973886966004456,0.056816846039146184,0.000850721588358283
credit-g,0.03,Task.DATA_IMBALANCE,RF,0.47461525851608044,0.7961904761904761,0.06651069518716578,0.6,0.11750030573559986,0.831730211296561,0.07064399742521346,0.0008809778373688459
credit-g,0.04,Task.DATA_IMBALANCE,DT,0.5372690346563876,0.8828571428571429,0.14305555555555555,0.5333333333333334,0.21039809863339273,0.8641399706793826,0.06696397755295039,0.0009010522160679102
credit-g,0.04,Task.DATA_IMBALANCE,RF,0.4976720436109031,0.8657142857142857,0.10828157349896479,0.4666666666666667,0.141156462585034,0.8541876246367721,0.2161630806978792,0.0012342233676463366
credit-g,0.05,Task.DATA_IMBALANCE,DT,0.5177859614186152,0.8085714285714285,0.11095238095238096,0.5,0.17647008547008547,0.859101837367145,0.07877096883021295,0.0009394246153533459
credit-g,0.05,Task.DATA_IMBALANCE,RF,0.581258826617387,0.8021428571428573,0.22787171548781457,0.7,0.3058611108750881,0.8566565423596859,0.2116471266373992,0.0012613139115273952
credit-g,0.06,Task.DATA_IMBALANCE,DT,0.5024606277996347,0.7442857142857143,0.12223909784885394,0.54,0.1893971411166362,0.8155241144826333,0.06621018839068711,0.0008621698245406151
credit-g,0.06,Task.DATA_IMBALANCE,RF,0.5407640667515998,0.770142857142857,0.1402369560264297,0.5700000000000001,0.21886147835173322,0.8626666551514663,0.1451555580366403,0.0010864288546144963
credit-g,0.07,Task.DATA_IMBALANCE,DT,0.5210942667348306,0.836,0.17212526036055448,0.72,0.26527450751569154,0.7769140259539696,0.06491833655163645,0.0008317876607179641
credit-g,0.07,Task.DATA_IMBALANCE,RF,0.5435108955424538,0.8434285714285714,0.1790903540903541,0.7200000000000001,0.27622569938359415,0.8107960917013134,0.1434614601545036,0.0010765709914267064
credit-g,0.08,Task.DATA_IMBALANCE,DT,0.5646098564057102,0.7576190476190476,0.18734945361543826,0.4666666666666667,0.2573463268365817,0.8718733859748389,0.1001177950296551,0.0009784126188606024
credit-g,0.08,Task.DATA_IMBALANCE,RF,0.5544032845121343,0.7980952380952381,0.17892223928521572,0.5666666666666667,0.267515037593985,0.8412915314302836,0.13568770894780754,0.0010985870379954577
credit-g,0.09,Task.DATA_IMBALANCE,DT,0.5214502419019666,0.7830612244897959,0.1754715821812596,0.7476190476190476,0.2788248520167026,0.7640756317872306,0.09168866882100701,0.0009277298115193844
credit-g,0.09,Task.DATA_IMBALANCE,RF,0.5376260852059043,0.7892517006802722,0.178408638817846,0.6285714285714286,0.2695722701272091,0.8056799002845996,0.13752603982575237,0.0011295769363641739
credit-g,0.1,Task.DATA_IMBALANCE,DT,0.5133402592793463,0.7428571428571429,0.16433239962651727,0.6571428571428573,0.25984238026211937,0.7668381382965734,0.07655328740365804,0.000840895576402545
credit-g,0.1,Task.DATA_IMBALANCE,RF,0.5638298780317832,0.7840816326530613,0.2084675536881419,0.6285714285714284,0.30575824175824173,0.8219015143053247,0.14356026472523808,0.001091912854462862
credit-g,0.11,Task.DATA_IMBALANCE,DT,0.5580582099503901,0.775,0.21078005643944922,0.625,0.3092573700808995,0.8068590498198809,0.10942665520124137,0.0009819064754992724
credit-g,0.11,Task.DATA_IMBALANCE,RF,0.6373909021186963,0.8150000000000001,0.3185185185185185,0.7,0.41772819472616635,0.8570536095112263,0.194069777848199,0.001175043173134327
credit-g,0.12,Task.DATA_IMBALANCE,DT,0.6014796764130647,0.8047619047619048,0.2734265734265734,0.5666666666666667,0.35638095238095235,0.846578400445177,0.08952937759459019,0.0009002780076116324
credit-g,0.12,Task.DATA_IMBALANCE,RF,0.5605639101474633,0.82484126984127,0.23534353932532198,0.8388888888888889,0.36379551028107904,0.7573323100138476,0.09486877080053091,0.0009884187486022711
credit-g,0.13,Task.DATA_IMBALANCE,DT,0.5893483739190744,0.7732380952380952,0.2665565428723323,0.5888888888888888,0.3532297815056436,0.8254669663325052,0.09012735821306705,0.0008931340184062719
credit-g,0.13,Task.DATA_IMBALANCE,RF,0.5624590956608678,0.7724126984126984,0.27396223975171347,0.5844444444444444,0.3223233869767844,0.8025948043449512,0.14100438938476145,0.001138549018651247
credit-g,0.14,Task.DATA_IMBALANCE,DT,0.5244476956483876,0.8174285714285714,0.2185945837108628,0.8400000000000001,0.34485138941768617,0.7040440018790888,0.08429223340936005,0.0008747621905058622
credit-g,0.14,Task.DATA_IMBALANCE,RF,0.5627097013621765,0.8374285714285714,0.24318449030644151,0.8,0.3674424409962496,0.7579769617281031,0.09486642540432513,0.0009892082307487726
credit-g,0.15,Task.DATA_IMBALANCE,DT,0.5740385304632551,0.7737662337662338,0.24995379384914268,0.6727272727272727,0.3571344071344071,0.790942653792103,0.0743728751782328,0.0008646477945148945
credit-g,0.15,Task.DATA_IMBALANCE,RF,0.5953002216600376,0.788051948051948,0.2644862604540024,0.6545454545454545,0.37520457319538025,0.8153958701246952,0.1247830430045724,0.0010620388202369213
credit-g,0.16,Task.DATA_IMBALANCE,DT,0.6163583115350464,0.7974242424242423,0.29758809817633347,0.7015151515151515,0.4156980117431742,0.8170186113269183,0.09633681825362146,0.0009041421581059694
credit-g,0.16,Task.DATA_IMBALANCE,RF,0.6265181373593494,0.7981168831168832,0.29855910154936055,0.6939393939393941,0.4086892048912743,0.8443470698274244,0.1313806542661041,0.001061930786818266
credit-g,0.17,Task.DATA_IMBALANCE,DT,0.6249978315237182,0.8007142857142856,0.35044623655913976,0.6833333333333333,0.44118698593567307,0.8088086771117634,0.08696540188975632,0.0009410981554538011
credit-g,0.17,Task.DATA_IMBALANCE,RF,0.5987518154276321,0.8026190476190476,0.2941327678169784,0.7833333333333334,0.4235594541910331,0.7739441766642312,0.19446080992929637,0.001209945185109973
credit-g,0.18,Task.DATA_IMBALANCE,DT,0.6174974481770625,0.8063736263736263,0.3147219447219447,0.8615384615384617,0.46075410097149233,0.774240795382633,0.07028352087363601,0.0008687122259289026
credit-g,0.18,Task.DATA_IMBALANCE,RF,0.641148573244571,0.8120879120879121,0.35424338624338625,0.8307692307692308,0.48924880330116444,0.7930483431879773,0.09506123214960098,0.00100881215184927
credit-g,0.19,Task.DATA_IMBALANCE,DT,0.5786064764397054,0.7690423861852433,0.275945973363477,0.667032967032967,0.3809397163120568,0.7762732365673541,0.05973818125203252,0.0007862154394388199
credit-g,0.19,Task.DATA_IMBALANCE,RF,0.6312398907938943,0.814552590266876,0.3899170234131388,0.7505494505494505,0.476649660279384,0.7858301213084046,0.11708035254850983,0.0010705528780817985
credit-g,0.2,Task.DATA_IMBALANCE,DT,0.6306141894596506,0.7830612244897959,0.33855360325948564,0.7714285714285715,0.4658118762300713,0.7954165026892299,0.06494037653319537,0.0007934273686259985
credit-g,0.2,Task.DATA_IMBALANCE,RF,0.6259136215739763,0.7902040816326531,0.3517459995720865,0.5857142857142857,0.42572808795910494,0.8260991551888479,0.12044365936890244,0.0010379928629845382
credit-g,None,Task.FEATURE_INADEQUACY,DT,0.6967683201197532,0.7873333333333333,0.5414837398373984,0.6933333333333334,0.6040968421250111,0.7894397981144955,0.3429613555781543,0.0021427597384899855
credit-g,None,Task.FEATURE_INADEQUACY,RF,0.6736930218412936,0.7966666666666666,0.5056152398066145,0.72,0.5886063748665549,0.7587796688160324,0.6858207574114203,0.002478657569736242
credit-g,0.0,Task.NOISY_DATA,DT,0.8029779593929158,0.9225647994104238,0.7344437676144993,0.643189368770764,0.6847246396467673,0.9212312791390641,0.083700190205127,0.005401621619239449
credit-g,0.0,Task.NOISY_DATA,RF,0.7039149680044192,0.9084959484938672,0.8011930561698364,0.36589147286821705,0.4995882230358107,0.9082417129730276,0.10220151296816767,0.00567232291214168
credit-g,0.01,Task.NOISY_DATA,DT,0.8045520101613421,0.9200317199631531,0.7794496419496421,0.6406274509803922,0.6987876296655091,0.9103163906571752,0.08704698039218783,0.00542867723852396
credit-g,0.01,Task.NOISY_DATA,RF,0.7409842816684311,0.9053974365048033,0.8236847158218126,0.45474509803921564,0.5825797979387948,0.8993887653980671,0.1162036148365587,0.00536171100102365
credit-g,0.02,Task.NOISY_DATA,DT,0.8019487151297502,0.91912,0.7619138767254603,0.64,0.6947645436887929,0.9091328865707077,0.08923805397935211,0.00530723100528121
credit-g,0.02,Task.NOISY_DATA,RF,0.734199634603735,0.9032,0.8385407456528146,0.43600000000000005,0.5690157780991535,0.8993834911083167,0.12414665799587965,0.0053739650174975395
credit-g,0.03,Task.NOISY_DATA,DT,0.7877597855498292,0.9093651421001399,0.7423414617233337,0.610549645390071,0.6684053520769409,0.9071142190227175,0.09039491335861385,0.005300243012607097
credit-g,0.03,Task.NOISY_DATA,RF,0.7048296058621817,0.9028682371604857,0.8257815665138318,0.37198581560283683,0.5111385921388572,0.8985206195855063,0.14093175679445266,0.005437709158286452
credit-g,0.04,Task.NOISY_DATA,DT,0.8073701444397935,0.9008266666666666,0.7777064255743393,0.6519999999999999,0.70407601032875,0.9106642785508374,0.09347564219497144,0.005312495026737451
credit-g,0.04,Task.NOISY_DATA,RF,0.7389616401718965,0.8969066666666666,0.8261649221091945,0.45999999999999996,0.5785469602860908,0.8993763200577021,0.14998296364210545,0.005582835990935564
credit-g,0.05,Task.NOISY_DATA,DT,0.8068774896203277,0.9108887733887734,0.776895929447949,0.6499999999999999,0.7056875906969091,0.9080673885437461,0.11293312930501997,0.005338015407323838
credit-g,0.05,Task.NOISY_DATA,RF,0.7484647450927658,0.9005977130977131,0.8268540305010893,0.47307692307692306,0.5993122337381978,0.8976172564473339,0.1529463029000908,0.005478223646059632
credit-g,0.06,Task.NOISY_DATA,DT,0.7854687000913282,0.9050728253717594,0.7530392156862745,0.6061960784313725,0.6688673418085183,0.902070058374138,0.11349957240745426,0.005375186819583178
credit-g,0.06,Task.NOISY_DATA,RF,0.7125730444882088,0.8950981760757994,0.816798941798942,0.3977254901960784,0.5336410256410258,0.8915050633353921,0.16280780723318458,0.005485229985788464
credit-g,0.07,Task.NOISY_DATA,DT,0.7814039608983495,0.8905534559173374,0.7329455139029606,0.6190130624092889,0.6674739850076016,0.8953339367890972,0.12167573818005621,0.005505674052983522
credit-g,0.07,Task.NOISY_DATA,RF,0.7061500024760738,0.8833390638646703,0.8015682382133995,0.3931059506531205,0.5257273783589573,0.8865726265931902,0.15834830421954393,0.005438161781057715
credit-g,0.08,Task.NOISY_DATA,DT,0.7741584605492788,0.8867839015638067,0.735138786202616,0.5885369532428355,0.6523243254259394,0.8959925956726181,0.12287917821668089,0.005319778947159648
credit-g,0.08,Task.NOISY_DATA,RF,0.7034726823799765,0.881903667158306,0.7979332738322921,0.38755656108597286,0.5200551851788376,0.8868901795811153,0.20520553239621223,0.005530676012858749
credit-g,0.09,Task.NOISY_DATA,DT,0.7945378617046422,0.8994802494802496,0.7726469449568446,0.6192307692307691,0.6841651520143031,0.9049105713949815,0.126452797325328,0.0053671285510063175
credit-g,0.09,Task.NOISY_DATA,RF,0.7517290079325762,0.8938149688149688,0.7971890058705474,0.49230769230769234,0.6071475933551667,0.8963104225099856,0.262248253589496,0.005590938031673431
credit-g,0.1,Task.NOISY_DATA,DT,0.7946213416323289,0.9025952260804383,0.7461243032329989,0.6479385045422781,0.6919747044689291,0.8972679787957286,0.13284253124147655,0.005440656980499625
credit-g,0.1,Task.NOISY_DATA,RF,0.7398385312953848,0.8923927464211037,0.8226391976145295,0.4606568832983927,0.5876345173813528,0.8920425452094166,0.28738709380850197,0.005675460165366531
credit-g,0.0,Task.SEMI_SUPERVISED,DT,0.6846068093776935,0.7800714285714285,0.603689894967087,0.49000000000000005,0.5400415768685862,0.8291720418868007,0.0734308123588562,0.005650370428338647
credit-g,0.0,Task.SEMI_SUPERVISED,RF,0.6350419474522192,0.7939047619047619,0.6943327505827506,0.31333333333333335,0.4294782527627059,0.8406056421417325,0.18477731524035335,0.0059839239809662105
credit-g,0.01,Task.SEMI_SUPERVISED,DT,0.6516027296504185,0.7699805314186381,0.5505187749084726,0.4458757062146893,0.4907259824755509,0.8124794768252863,0.06936790142208338,0.005176051752641797
credit-g,0.01,Task.SEMI_SUPERVISED,RF,0.6449089798168068,0.7915745782150994,0.7045781508072944,0.3277966101694915,0.445855623285311,0.8439623363483028,0.19814419336616992,0.006302414182573557
credit-g,0.02,Task.SEMI_SUPERVISED,DT,0.6732511646785657,0.776336831584208,0.5646081041112097,0.496551724137931,0.5261799183528281,0.8203224110043033,0.07431170661002398,0.005235212435945868
credit-g,0.02,Task.SEMI_SUPERVISED,RF,0.6287416019743693,0.7892053973013493,0.6359924242424243,0.3172413793103448,0.42209933306318853,0.8353838708855502,0.19125302899628877,0.006097558652982116
credit-g,0.03,Task.SEMI_SUPERVISED,DT,0.6783725242233902,0.7568607774822674,0.5630428579581122,0.520810647307925,0.5400128749138651,0.8167321735329155,0.07792663760483265,0.0051731161773204805
credit-g,0.03,Task.SEMI_SUPERVISED,RF,0.6557793196759484,0.7877096614739793,0.6677183402433681,0.36122202056866304,0.4684739645470569,0.8430846748048397,0.18923673243261874,0.006067556561902165
credit-g,0.04,Task.SEMI_SUPERVISED,DT,0.6647892784795106,0.7575046759882111,0.563963579182603,0.4718693284936479,0.5123811204086433,0.8171974365503779,0.07744155880063772,0.00518005839549005
credit-g,0.04,Task.SEMI_SUPERVISED,RF,0.663068585983069,0.789360992309408,0.6645676769467092,0.3811252268602541,0.4821500226229979,0.8439871493431399,0.19587112930603326,0.006099925329908729
credit-g,0.05,Task.SEMI_SUPERVISED,DT,0.679678742581126,0.7504014602492092,0.5800524475524476,0.5101503759398496,0.5390238258812242,0.8203336592810277,0.07965813893824816,0.005198706826195121
credit-g,0.05,Task.SEMI_SUPERVISED,RF,0.658490262629863,0.7869942678770767,0.6421645021645022,0.3825814536340852,0.47831645882207685,0.838664066437649,0.19711691341362894,0.006183553021401167
credit-g,0.06,Task.SEMI_SUPERVISED,DT,0.6530182549499085,0.7204470340493844,0.541906358857716,0.46578947368421053,0.49946561297887576,0.8065708969209415,0.08311357200145722,0.005349674401804805
credit-g,0.06,Task.SEMI_SUPERVISED,RF,0.6593032347278195,0.7782015326310223,0.656412952060555,0.387531328320802,0.4820183346065699,0.8365881348490689,0.19819556819275022,0.006055884575471282
credit-g,0.07,Task.SEMI_SUPERVISED,DT,0.6709198172969268,0.7364114892740846,0.5435578776268433,0.5304545454545455,0.5365986334804607,0.8052410011133929,0.09163022139109671,0.005589289683848619
credit-g,0.07,Task.SEMI_SUPERVISED,RF,0.6731519833897295,0.7824381725145083,0.658903906171348,0.41220779220779213,0.5056713595070821,0.8406326072723769,0.1970724412240088,0.006076462613418698
credit-g,0.08,Task.SEMI_SUPERVISED,DT,0.6494038177673225,0.7095762546561966,0.5177389069892857,0.49499999999999994,0.5043411348084245,0.7944665007262204,0.11160479658283293,0.005860903766006231
credit-g,0.08,Task.SEMI_SUPERVISED,RF,0.6693209343927261,0.7832513583194907,0.6476923076923077,0.41194805194805195,0.5017805383022774,0.8368613304831749,0.19532676916569472,0.005877610063180327
credit-g,0.09,Task.SEMI_SUPERVISED,DT,0.6167966451665209,0.705391480421008,0.46275701310184064,0.4725252525252525,0.46574338412236677,0.767849906210675,0.09048784580081701,0.005355411022901535
credit-g,0.09,Task.SEMI_SUPERVISED,RF,0.6637812260847543,0.7714630681818182,0.6356639159789947,0.40269360269360266,0.49102812277249547,0.8365343293970131,0.1987475066445768,0.006063950574025511
credit-g,0.1,Task.SEMI_SUPERVISED,DT,0.623898741236479,0.7032194238683127,0.4832278792249943,0.4577104377104376,0.46923808956270713,0.7785593929102508,0.08866334953345359,0.005387167213484645
credit-g,0.1,Task.SEMI_SUPERVISED,RF,0.6906238238675291,0.7679914788092568,0.6436075036075035,0.47265993265993267,0.5431760908049569,0.8380715569301014,0.1975065070670098,0.0061159349977970125
spambase,0.5,Task.DATA_IMBALANCE,DT,0.9255330843984764,0.9808005024551788,0.8856217079043166,0.9268242548818089,0.9036309357105023,0.9474352330864502,0.15876579559408127,0.0014469222165644168
spambase,0.5,Task.DATA_IMBALANCE,RF,0.9312368961132208,0.9809907649916934,0.884825797151793,0.9411819116135665,0.9108379961793845,0.9516357960470572,0.6669680289924145,0.002459627017378807
spambase,0.25,Task.DATA_IMBALANCE,DT,0.9076935541243397,0.9849923195084486,0.781340490814029,0.9542857142857144,0.8573145305810753,0.9580725776676043,0.13576947804540396,0.0014521501492708922
spambase,0.25,Task.DATA_IMBALANCE,RF,0.8943292208540126,0.9834920634920635,0.7497866804195291,0.9514285714285714,0.8369827697681705,0.9516756719398547,0.7363629064522683,0.002473907358944416
spambase,0.01,Task.DATA_IMBALANCE,DT,0.5591143399759668,0.9670250896057346,0.11887070617720771,0.5999999999999999,0.1607497741644083,0.9574789057875253,0.1067734149750322,0.0010849629994481801
spambase,0.01,Task.DATA_IMBALANCE,RF,0.6696021547830124,0.9610513739545997,0.3209412955465587,0.9333333333333333,0.4103967902950654,0.9288075192709593,0.16786184995435177,0.0015901369508355856
spambase,0.02,Task.DATA_IMBALANCE,DT,0.6413955625204297,0.9582556750298685,0.23194932518461933,0.8466666666666667,0.33222079589216946,0.9505703291486899,0.11502027637325227,0.001184943411499262
spambase,0.02,Task.DATA_IMBALANCE,RF,0.67831162412904,0.9741457586618877,0.25401562180509546,0.8466666666666667,0.385752688172043,0.970870560086037,0.588228550599888,0.0018945302348583938
spambase,0.03,Task.DATA_IMBALANCE,DT,0.7078973650225868,0.9843090402230187,0.3598136549049328,0.9277777777777778,0.47303114020034204,0.9427635898448316,0.13692777925170957,0.002559843147173524
spambase,0.03,Task.DATA_IMBALANCE,RF,0.6536381568444231,0.9879032258064516,0.24921652871674982,1.0,0.38374977848662056,0.9235265352022255,0.3873496786225587,0.0019030922092497348
spambase,0.04,Task.DATA_IMBALANCE,DT,0.7337236871565574,0.9576735092864125,0.3848060224089636,0.9272727272727274,0.5174635273725264,0.9499838469405884,0.10840867259539663,0.0012344755697995425
spambase,0.04,Task.DATA_IMBALANCE,RF,0.7257099731979227,0.9680026067122842,0.34604353499518503,0.9454545454545455,0.4954764486579711,0.9559434977378742,0.30404277839697896,0.0017637653741985559
spambase,0.05,Task.DATA_IMBALANCE,DT,0.7548901524246967,0.9830517153097798,0.4233646919230443,0.9142857142857143,0.5543627450980392,0.9554175597513546,0.10303421285934747,0.0012968414463102817
spambase,0.05,Task.DATA_IMBALANCE,RF,0.7426725034470173,0.9851510496671786,0.40948135843484684,0.9285714285714285,0.5346515515021893,0.950693455391845,0.3664821433834732,0.0019049483817070723
spambase,0.06,Task.DATA_IMBALANCE,DT,0.7490947250555993,0.9752055660974067,0.3907205237552382,0.9411764705882353,0.5494539472004261,0.9487355029107724,0.1486913963686675,0.0012946659233421087
spambase,0.06,Task.DATA_IMBALANCE,RF,0.7785347245159959,0.968416613957411,0.453952380952381,0.9294117647058824,0.600227852571567,0.9568415964604251,0.6208276356104762,0.002391462493687868
spambase,0.07,Task.DATA_IMBALANCE,DT,0.8119889373639564,0.9855404640633842,0.5105451127819548,0.9384210526315788,0.6595055909878622,0.9644722837400506,0.13634460484609007,0.0013051356188952922
spambase,0.07,Task.DATA_IMBALANCE,RF,0.7944708845185895,0.9794699113374834,0.4892382759555435,0.9389473684210525,0.63363206097486,0.955309708062319,0.47754346118308605,0.0022679520305246116
spambase,0.08,Task.DATA_IMBALANCE,DT,0.8622856336770838,0.9740695878844546,0.6960750360750361,0.8189723320158103,0.7474066985645933,0.9771645687895741,0.14674213300459088,0.0015678153838962316
spambase,0.08,Task.DATA_IMBALANCE,RF,0.8476491446433225,0.9724722682646947,0.6494063407856511,0.8553359683794467,0.7236279230930394,0.9716703661936055,0.6191084874328225,0.0025593296624720095
spambase,0.09,Task.DATA_IMBALANCE,DT,0.8792054482170565,0.9816774193548387,0.7044462206660046,0.8959999999999999,0.7817451213499174,0.9766657750841958,0.1284090509172529,0.0013993604574352504
spambase,0.09,Task.DATA_IMBALANCE,RF,0.867639729604311,0.9801863799283155,0.6670495023136589,0.8879999999999999,0.7607636859536333,0.9745157732549886,0.3916459872853011,0.002027895161882043
spambase,0.1,Task.DATA_IMBALANCE,DT,0.8603339211644123,0.9810035842293907,0.68499602345292,0.8857142857142856,0.7528293287957945,0.9678385135330301,0.12396066640503704,0.001342196250334382
spambase,0.1,Task.DATA_IMBALANCE,RF,0.8337243781848447,0.9805939580133127,0.5993722943722944,0.9285714285714286,0.7115730869462213,0.9558756694234679,0.5740250521805137,0.0024219930171966554
spambase,0.11,Task.DATA_IMBALANCE,DT,0.8830759796966243,0.9862053333399878,0.7500721111247427,0.864516129032258,0.7928428058346284,0.9733091535586199,0.15940579832531512,0.001486902590841055
spambase,0.11,Task.DATA_IMBALANCE,RF,0.890018997012002,0.9791528275818472,0.7404977096546863,0.8903225806451612,0.8047958300855,0.9752421639385039,0.5311672902200371,0.0020680433604866265
spambase,0.12,Task.DATA_IMBALANCE,DT,0.8647114215799906,0.9812010043509094,0.6640644847142143,0.9160427807486631,0.7648152635068775,0.9646075796531036,0.12207227423787118,0.0013949626125395298
spambase,0.12,Task.DATA_IMBALANCE,RF,0.8694936687309397,0.9747941144525585,0.6905017597790252,0.8916221033868093,0.7720205957276896,0.9669667417341902,0.7005424404516816,0.002264874428510666
spambase,0.13,Task.DATA_IMBALANCE,DT,0.8617771029761201,0.9812226204699324,0.6501621357498223,0.9444444444444444,0.7642007183754755,0.9593534875767645,0.12297772443853319,0.0014698286075145006
spambase,0.13,Task.DATA_IMBALANCE,RF,0.9048194634224848,0.9765232974910394,0.8071658381238906,0.8777777777777777,0.833231101124527,0.976407825720442,0.6159198425710202,0.0023416806012392043
spambase,0.14,Task.DATA_IMBALANCE,DT,0.909247486456336,0.9865269736237477,0.7878057828696127,0.9128205128205128,0.8428414565415819,0.9756535163710905,0.12967681242153048,0.0014821265824139119
spambase,0.14,Task.DATA_IMBALANCE,RF,0.8786731538812009,0.9853873724841467,0.7079640841021604,0.923076923076923,0.7936832410025518,0.9636630667598503,0.6429450591560453,0.0021569518372416495
spambase,0.15,Task.DATA_IMBALANCE,DT,0.8984200905646068,0.9804403481822836,0.7650766295628959,0.9095238095238096,0.8264025401122174,0.970437641016996,0.13290417115204037,0.0014364466536790133
spambase,0.15,Task.DATA_IMBALANCE,RF,0.8809186244477696,0.9825226147806794,0.7684707343158048,0.8619047619047618,0.797089626310816,0.964747622584723,0.592621492408216,0.0021956915967166423
spambase,0.16,Task.DATA_IMBALANCE,DT,0.8911208893431757,0.9859320806632634,0.7449509890835249,0.9197979797979798,0.8168110506136419,0.9654307280727095,0.12632443718612194,0.0014610227663069963
spambase,0.16,Task.DATA_IMBALANCE,RF,0.8971984195350575,0.981746859273741,0.7997853309481217,0.8747474747474747,0.8253857906799084,0.9690110483902064,0.5816697831265628,0.0021473913919180633
spambase,0.17,Task.DATA_IMBALANCE,DT,0.8955170892049896,0.978601705686469,0.74800002315458,0.9236702127659575,0.824670504247484,0.9663636741624952,0.12996720182709395,0.0014696706086397171
spambase,0.17,Task.DATA_IMBALANCE,RF,0.8606079678966341,0.9770342408297109,0.6782721509656493,0.8940602836879433,0.7680725310846332,0.9531434047086348,0.6794788034632802,0.0021552938036620618
spambase,0.18,Task.DATA_IMBALANCE,DT,0.9149481138328321,0.9799569892473119,0.8294662497468581,0.892,0.8570388506032071,0.9728573770624573,0.1306933069601655,0.0016547334380447865
spambase,0.18,Task.DATA_IMBALANCE,RF,0.9014406760405166,0.9769892473118279,0.7847098565875078,0.9,0.8357298550784851,0.9671514970025481,0.6300040903501213,0.002013507252559066
spambase,0.19,Task.DATA_IMBALANCE,DT,0.8931888143986961,0.9838101034692635,0.7494214194466454,0.9283018867924528,0.8254981607165464,0.9608794680808461,0.14144101147539914,0.0013380404096096754
spambase,0.19,Task.DATA_IMBALANCE,RF,0.9017185391263214,0.9808615675931562,0.7924841878284343,0.8905660377358491,0.836835312502479,0.9666017657501639,0.6306294671725482,0.002176107792183757
spambase,0.2,Task.DATA_IMBALANCE,DT,0.8974489485802802,0.9819764464925755,0.7645422233188152,0.925,0.8335857766100299,0.9613121205505305,0.16832542284391822,0.0013675300404429435
spambase,0.2,Task.DATA_IMBALANCE,RF,0.8993607769504932,0.981694828469022,0.7638564539967452,0.9285714285714286,0.8366321440680655,0.9620894098329209,0.6386862030252815,0.002358438400551677
spambase,None,Task.FEATURE_INADEQUACY,DT,0.9441585648838368,0.9891594524012989,0.9140418627102985,0.9569546475623824,0.933831513309803,0.9544856164578706,0.13368835439905524,0.0011721133254468442
spambase,None,Task.FEATURE_INADEQUACY,RF,0.9501282139942557,0.9850244776906691,0.931254433925567,0.9492198409325482,0.9399900749007873,0.960266353087724,0.5958336488809437,0.0022029261104762553
spambase,0.0,Task.NOISY_DATA,DT,0.9871901151309175,0.9994758285532743,0.9813725057666046,0.9864705882352942,0.9838802622230931,0.9904999680387414,0.17375881024636328,0.00575852720066905
spambase,0.0,Task.NOISY_DATA,RF,0.9782163977576678,0.9987214846054748,0.9820527166353106,0.9629411764705882,0.9723695318616385,0.9840632636536968,0.5923531293869019,0.007082823570817709
spambase,0.01,Task.NOISY_DATA,DT,0.9851939747056694,0.9991417279893644,0.9754740725528294,0.9878058645096057,0.9815511052167107,0.988836844194628,0.2612902351655066,0.005950788222253323
spambase,0.01,Task.NOISY_DATA,RF,0.974299961016569,0.9980027729796277,0.9796500319735371,0.9558392315470172,0.9675166118486013,0.9810833101845366,0.7396265764255077,0.007158973719924688
spambase,0.02,Task.NOISY_DATA,DT,0.9832902070457546,0.9988831265194212,0.9728943726812475,0.9853766870744799,0.9790771553396975,0.9875032587518116,0.32255015200935305,0.00601414442062378
spambase,0.02,Task.NOISY_DATA,RF,0.9742434707437845,0.9978893871068302,0.9813386389368046,0.9537703006293838,0.9673426311109588,0.9811443103766104,1.4472024665679784,0.007489883014932275
spambase,0.03,Task.NOISY_DATA,DT,0.9818366622723008,0.9988566529692495,0.971510289123563,0.9829203539823009,0.9771461848740529,0.9865271396705484,0.37514153877273204,0.006165148736909032
spambase,0.03,Task.NOISY_DATA,RF,0.9705759186104437,0.9976668366086466,0.9805599298271694,0.9452108276939093,0.9624285715671622,0.978723265653725,1.0706077468115835,0.008211356168612838
spambase,0.04,Task.NOISY_DATA,DT,0.9814422713209348,0.9983865436421135,0.9728740941355399,0.9807580174927113,0.9767834768967548,0.9861010657451146,0.31506259902380407,0.0059965959750115875
spambase,0.04,Task.NOISY_DATA,RF,0.9655242448555704,0.9969844786581309,0.9769378000273814,0.9364431486880467,0.9561952160126866,0.974853273698454,0.6775417109485715,0.006965404795482755
spambase,0.05,Task.NOISY_DATA,DT,0.9734357423679338,0.9980948956201605,0.9654574151701862,0.9676936346386062,0.9665450027130682,0.9803264820227995,0.25423852996900675,0.006942792562767863
spambase,0.05,Task.NOISY_DATA,RF,0.9684856208658073,0.99710029031279,0.9792318987868589,0.9412523719165087,0.9598052366820239,0.9771660050495903,0.6715007450431585,0.007278611976653337
spambase,0.06,Task.NOISY_DATA,DT,0.9772201906254636,0.9979257740601024,0.973102071392941,0.9689800995024875,0.9709994503859306,0.9834409308649965,0.25691128643229605,0.005876109842211008
spambase,0.06,Task.NOISY_DATA,RF,0.965857991200112,0.9963036739380022,0.9793348464803131,0.9337810945273631,0.9560002532513971,0.9757157291488268,0.7908437244594098,0.007253768155351281
spambase,0.07,Task.NOISY_DATA,DT,0.9779241404020758,0.998442043120727,0.9725896341011003,0.9712753597283046,0.9718947263741959,0.9839535544299556,0.3431279346346855,0.006187849584966898
spambase,0.07,Task.NOISY_DATA,RF,0.964847458238334,0.9964777144300365,0.9787054359483024,0.9317812136920189,0.9546032509030089,0.9750916655736589,1.719797896547243,0.007459862949326634
spambase,0.08,Task.NOISY_DATA,DT,0.9732608759385684,0.9972245351283124,0.9655534718669614,0.9666417910447761,0.9660172322884939,0.9805045195886428,0.46441668933257463,0.005937295965850353
spambase,0.08,Task.NOISY_DATA,RF,0.961039751924444,0.9955101793529135,0.9784822604075837,0.9225284292821605,0.9496728923990526,0.9724066114498354,1.5479829291813076,0.007499696826562286
spambase,0.09,Task.NOISY_DATA,DT,0.97080947238116,0.9964161397644201,0.9650903593605076,0.9604412796029562,0.9627229559364172,0.9788959888259029,0.6526902705430985,0.0059668915811926125
spambase,0.09,Task.NOISY_DATA,RF,0.9575375686563197,0.9944460425576518,0.9770027746084431,0.9148747549945156,0.944878543176535,0.9701965941361044,1.8985820729285479,0.00760834151878953
spambase,0.1,Task.NOISY_DATA,DT,0.967863590962545,0.9964236054161427,0.9583178285597336,0.9600213219616205,0.9591547228216168,0.9765724591034735,0.6195537470281124,0.005920306034386158
spambase,0.1,Task.NOISY_DATA,RF,0.955303028985275,0.9941079674885644,0.9709036261571493,0.9152807391613361,0.942209470671572,0.9683965872989779,1.8925374546088278,0.007715316209942103
spambase,0.0,Task.SEMI_SUPERVISED,DT,0.9514633654296027,0.9881240088426801,0.943520948966702,0.9387607871786676,0.9410397851933034,0.961886945665902,0.28993540233932436,0.006346059776842594
spambase,0.0,Task.SEMI_SUPERVISED,RF,0.9414294501604212,0.9849735762535637,0.9509459884280067,0.9062280261175288,0.9278663606428197,0.954992539678023,0.8065997927915305,0.007600617548450828
spambase,0.01,Task.SEMI_SUPERVISED,DT,0.9493798240445608,0.9871375277273644,0.943911688314064,0.9333333333333332,0.9385428331748086,0.9602168149143131,0.35350254056975244,0.006107458611950278
spambase,0.01,Task.SEMI_SUPERVISED,RF,0.9447939310523699,0.9850050413389797,0.9484284412333759,0.9172222222222223,0.9325073750774777,0.9570804870272621,1.0211746673565358,0.00769472373649478
spambase,0.02,Task.SEMI_SUPERVISED,DT,0.9499754603475322,0.9863614047738715,0.9393587539610764,0.9401952959954933,0.9396862883072437,0.9602646323878208,0.3490576521493495,0.0061580887995660305
spambase,0.02,Task.SEMI_SUPERVISED,RF,0.9466309399081659,0.9852388667428853,0.9509995258200139,0.9195186454470056,0.9348988026553228,0.9583630771610089,0.9125446121674031,0.00775293200276792
spambase,0.03,Task.SEMI_SUPERVISED,DT,0.9401240815919539,0.9845177585727969,0.9323954394708421,0.9223796033994335,0.9273223862168438,0.9529257769670638,0.32324066357687115,0.006527226185426116
spambase,0.03,Task.SEMI_SUPERVISED,RF,0.9457695955321149,0.9850444453398722,0.9477038897889191,0.9206798866855526,0.9337064450020801,0.9578327460621499,0.8465493835508824,0.007754717767238617
spambase,0.04,Task.SEMI_SUPERVISED,DT,0.9427583025773387,0.9834793420660792,0.9369922084756626,0.9242779040279288,0.9303942050793342,0.9551224000753432,0.29586591981351373,0.006092228461056948
spambase,0.04,Task.SEMI_SUPERVISED,RF,0.9487490852518411,0.9839724079441723,0.9517092819156753,0.9236982511609526,0.9372787782184305,0.9602193922852515,0.8870372701901943,0.007635195786133408
spambase,0.05,Task.SEMI_SUPERVISED,DT,0.9315180880314033,0.9799607252100145,0.924082937232661,0.9093579373104145,0.9165453004232427,0.946490875639564,0.298855399992317,0.006176552781835198
spambase,0.05,Task.SEMI_SUPERVISED,RF,0.942895511763213,0.9839873291743773,0.9426866121423958,0.9180822379507921,0.9300683077336511,0.9557227157927747,0.8911134001798928,0.007662295643240213
spambase,0.06,Task.SEMI_SUPERVISED,DT,0.9345265260550493,0.9798801235701013,0.9253840209008339,0.9155425219941348,0.920408018502499,0.9486450336075996,0.3448435763362795,0.006163917016237974
spambase,0.06,Task.SEMI_SUPERVISED,RF,0.9445483189764824,0.9840511741398222,0.9453489166430534,0.9196480938416421,0.9322407273608236,0.9568559105921409,1.025585529813543,0.007844744855538011
spambase,0.07,Task.SEMI_SUPERVISED,DT,0.9331649369753316,0.9803839485314718,0.9187281716988744,0.9192489755546134,0.9189268482136258,0.9474030257370376,0.4100700427778065,0.006104610348120332
spambase,0.07,Task.SEMI_SUPERVISED,RF,0.9476602184610027,0.9845072969697762,0.946039039302357,0.9263777024162779,0.9360776419737,0.9592427949483054,0.9309153841808439,0.0078061265405267475
spambase,0.08,Task.SEMI_SUPERVISED,DT,0.9295920241060998,0.9779196232662908,0.9188633036594327,0.9099099099099099,0.9143161306470674,0.9448679175651321,0.4598609810229391,0.00607641045935452
spambase,0.08,Task.SEMI_SUPERVISED,RF,0.9417740512711081,0.9839989282749881,0.9424850344630938,0.9153153153153154,0.9286813274417985,0.9548667751004176,0.8541428260039539,0.0077696440275758505
spambase,0.09,Task.SEMI_SUPERVISED,DT,0.9284187956012897,0.9772604565371038,0.9158262098221421,0.9107948788799852,0.9131243319412891,0.9437132592612901,0.4673124314285815,0.005758879007771611
spambase,0.09,Task.SEMI_SUPERVISED,RF,0.9449988272019189,0.9845781421591697,0.9436002950158585,0.9229308280372109,0.9328433072429393,0.9571543471608983,0.9422737344168126,0.007657809788361192
spambase,0.1,Task.SEMI_SUPERVISED,DT,0.9206066137708759,0.9734121483752526,0.9050047943304438,0.9027522935779817,0.903792014378238,0.9374212131635137,0.4309883423615247,0.0056922721676528456
spambase,0.1,Task.SEMI_SUPERVISED,RF,0.9438073172010156,0.9843169880617191,0.9475675014552214,0.9155963302752295,0.9312183599792563,0.9563962744227752,0.9378940874245018,0.007796644186601043
electricity,0.5,Task.DATA_IMBALANCE,DT,0.5971092935881984,0.6537193493675744,0.47860095952863,0.49245605940043974,0.46727003412063867,0.7269485530557581,0.204658792540431,0.0032348263543099166
electricity,0.5,Task.DATA_IMBALANCE,RF,0.671711859035114,0.6990599350188899,0.578239795791048,0.5614492746799505,0.5648538460448691,0.7785698720253589,1.3233750834129752,0.009712421055883168
electricity,0.25,Task.DATA_IMBALANCE,DT,0.8517877415555214,0.9609401089215346,0.6855021560242763,0.8873752509117638,0.7719305776979357,0.931644905413107,0.19583208821713924,0.0032085627783089874
electricity,0.25,Task.DATA_IMBALANCE,RF,0.8190293655833363,0.9441248335493608,0.6200088151258308,0.8757037309283501,0.7255049964425794,0.9125537347240934,2.107987979752943,0.012540421914309263
electricity,0.01,Task.DATA_IMBALANCE,DT,0.5072149476851068,0.920195257196791,0.055253597701886946,0.8384615384615385,0.10292347570068776,0.9115064196695256,0.2635599808301777,0.0033356569707393645
electricity,0.01,Task.DATA_IMBALANCE,RF,0.47552388548786373,0.8954135205285512,0.03804816061130321,0.8230769230769232,0.07257488086032803,0.8784728901153995,1.6387437235563993,0.008906259806826711
electricity,0.02,Task.DATA_IMBALANCE,DT,0.5537265103494461,0.9074725696083059,0.10671585683728183,0.8115384615384615,0.18754653841374852,0.9199064822851435,0.24603545763529838,0.0032478606328368185
electricity,0.02,Task.DATA_IMBALANCE,RF,0.5606897973127325,0.8993216139688531,0.11127545078420471,0.7461538461538462,0.19233184638009776,0.9290477482453674,1.9673233430366963,0.010598149616271257
electricity,0.03,Task.DATA_IMBALANCE,DT,0.5924972919088238,0.9283840648104451,0.15544793781893243,0.8435897435897436,0.26197462372340485,0.9230199600942427,0.18932579760439694,0.003277267003431916
electricity,0.03,Task.DATA_IMBALANCE,RF,0.5669005428301754,0.9204734937863772,0.13461532120568548,0.8179487179487179,0.22869511073565058,0.9051059749247001,2.046804468240589,0.010986676765605807
electricity,0.04,Task.DATA_IMBALANCE,DT,0.6248988208025558,0.9322078515809344,0.20386484668026705,0.8365384615384615,0.32571369672396955,0.9240839448811421,0.15500914081931114,0.0032276825979351996
electricity,0.04,Task.DATA_IMBALANCE,RF,0.6133634047674876,0.9207622994336951,0.19735113031245713,0.801923076923077,0.30997991150990223,0.9167468980250731,1.7512988817878068,0.010509114991873503
electricity,0.05,Task.DATA_IMBALANCE,DT,0.6423454249760627,0.9328875648890987,0.23387756641288188,0.8538461538461538,0.36561050331448014,0.9190803466376455,0.20059646498411893,0.003230595961213112
electricity,0.05,Task.DATA_IMBALANCE,RF,0.6317905145482481,0.9174121047663991,0.22501905923140683,0.8153846153846154,0.3490618690555982,0.914519160040898,1.9114379784092308,0.010912234615534543
electricity,0.06,Task.DATA_IMBALANCE,DT,0.7046946635333502,0.9327483482774894,0.3312717655542944,0.8064102564102564,0.4676449203685844,0.941744406698116,0.2000737986061722,0.003199512464925647
electricity,0.06,Task.DATA_IMBALANCE,RF,0.6689780267052701,0.9192912340726759,0.2832865941184276,0.8,0.4136891647468797,0.9242668886636605,1.7838448736816646,0.010282436152920127
electricity,0.07,Task.DATA_IMBALANCE,DT,0.7207826204026511,0.9329263719409425,0.3670583502739863,0.8032967032967033,0.5011218186167563,0.9404434221885459,0.16403454747051,0.003097878210246563
electricity,0.07,Task.DATA_IMBALANCE,RF,0.6848492268945481,0.9196331659138408,0.30745870000076875,0.8307692307692307,0.4471049969109127,0.9225934568781835,2.3660344211384654,0.012401203764602542
electricity,0.08,Task.DATA_IMBALANCE,DT,0.7150051349184303,0.9350472982680058,0.3606055854416827,0.8395564961354435,0.5017617974240719,0.9282484724127886,0.15259586167521774,0.003158932412043214
electricity,0.08,Task.DATA_IMBALANCE,RF,0.6790455560956019,0.9239252460789936,0.30887916443228675,0.844400993743099,0.44939222459245826,0.9086988875987455,1.9267389977816491,0.011289228685200214
electricity,0.09,Task.DATA_IMBALANCE,DT,0.7571765699831671,0.9438459223484026,0.44183810757520237,0.8266884888161485,0.5728353754945474,0.9415177644717865,0.1607182402163744,0.00310333427041769
electricity,0.09,Task.DATA_IMBALANCE,RF,0.7207530466604405,0.9283311327101302,0.3772581332473107,0.8249536279323515,0.5159528608571369,0.9255532324637443,2.0579558725934475,0.012153510376811028
electricity,0.1,Task.DATA_IMBALANCE,DT,0.7437609155291561,0.9514306368081886,0.4157528579487753,0.8771352785145888,0.5614014736434568,0.9261203574148553,0.15630706092342733,0.0031672121956944467
electricity,0.1,Task.DATA_IMBALANCE,RF,0.7179790264715395,0.9358213997059988,0.37795931870282024,0.863368700265252,0.5221062699755947,0.9138517829674846,1.821541306981817,0.01106192939914763
electricity,0.11,Task.DATA_IMBALANCE,DT,0.7560862626108628,0.9454137802568521,0.44440355477208254,0.8555103433152214,0.5834819796711123,0.9286905455506131,0.1502317450940609,0.00303218555636704
electricity,0.11,Task.DATA_IMBALANCE,RF,0.725704958559034,0.9287251849228133,0.3996025133236817,0.8296532735557125,0.5363880463288959,0.9150218707891721,1.9361912993714214,0.01105746957473457
electricity,0.12,Task.DATA_IMBALANCE,DT,0.7668789366076721,0.9478694211960249,0.4674940709082057,0.8676435651675268,0.6059534260108475,0.9278044472044968,0.1684469989966601,0.00301373777911067
electricity,0.12,Task.DATA_IMBALANCE,RF,0.7546851862226506,0.9317158355974471,0.4539341261444543,0.8305439501925125,0.5847498666920443,0.9246205057532567,2.1770312282256783,0.011746024386957288
electricity,0.13,Task.DATA_IMBALANCE,DT,0.7980105762284222,0.9526954348229516,0.5328410183354222,0.8654169066694595,0.6577078334346859,0.9383133190221585,0.15436993381008507,0.0031837403774261476
electricity,0.13,Task.DATA_IMBALANCE,RF,0.7476286020186652,0.9374651688083,0.439222178196799,0.8677698067759334,0.5823411656465267,0.912916038390804,2.1503771317657083,0.01186565523967147
electricity,0.14,Task.DATA_IMBALANCE,DT,0.780434117514454,0.9516266072779225,0.502188509052553,0.875068493150685,0.6359302507352461,0.9249379842936623,0.16122935474850236,0.003145682532340288
electricity,0.14,Task.DATA_IMBALANCE,RF,0.7489792053450122,0.9350021010168922,0.45213826915111177,0.8575342465753426,0.5891071106473043,0.9088513000427202,1.6954726994037628,0.01028093216009438
electricity,0.15,Task.DATA_IMBALANCE,DT,0.8074122128323704,0.9512191486357147,0.563543180381725,0.8531969309462916,0.6781244422089178,0.9366999834558232,0.16126570897176862,0.0031165040098130705
electricity,0.15,Task.DATA_IMBALANCE,RF,0.7694133542485772,0.9355251596504168,0.4950457007507422,0.8429667519181587,0.6212929283517483,0.917533780145406,1.7937183399684726,0.010679520014673472
electricity,0.16,Task.DATA_IMBALANCE,DT,0.8143459984424192,0.9580527908961175,0.5740473623655596,0.8796163069544365,0.6938288915941737,0.9348631052906647,0.16210356638766826,0.003171968599781394
electricity,0.16,Task.DATA_IMBALANCE,RF,0.7843124324330589,0.9340764811463714,0.5358313173187176,0.811990407673861,0.6439981362997849,0.9246267285663331,1.4800558584276586,0.008670456428080797
electricity,0.17,Task.DATA_IMBALANCE,DT,0.8171159932438637,0.954995828082372,0.5859739190602327,0.8772009029345373,0.7011170504982408,0.9331149359894869,0.23500215341337025,0.003359431028366089
electricity,0.17,Task.DATA_IMBALANCE,RF,0.7883275058056312,0.9364220526527165,0.5446683898335634,0.8216704288939052,0.6540720317112515,0.9225829799000109,1.5452573489397765,0.009546436974778772
electricity,0.18,Task.DATA_IMBALANCE,DT,0.8275353332567346,0.9593173211506011,0.6082204950677877,0.8835820895522387,0.7198279697601948,0.9352426967532745,0.2177487355656922,0.003290804615244269
electricity,0.18,Task.DATA_IMBALANCE,RF,0.7902424654107886,0.9405791757688332,0.5435749487193032,0.8545842217484008,0.6632110853795072,0.9172738454420699,1.6259586030151696,0.011718506785109639
electricity,0.19,Task.DATA_IMBALANCE,DT,0.8290256015195523,0.9554119415008986,0.6236357109361899,0.8646464646464647,0.7235804642851613,0.9344707387539429,0.24297435702756048,0.0032890666276216506
electricity,0.19,Task.DATA_IMBALANCE,RF,0.7959483963612837,0.9403729007870112,0.5579971572221984,0.8618181818181819,0.6754277420031347,0.9164690507194327,1.742130794050172,0.012475635763257742
electricity,0.2,Task.DATA_IMBALANCE,DT,0.8201885659727797,0.9567595792659231,0.6031691996230097,0.8840690978886757,0.7151282378851433,0.925248894060416,0.23477860456332564,0.0033283730037510393
electricity,0.2,Task.DATA_IMBALANCE,RF,0.7886368570730375,0.9417257397878078,0.5441029739204497,0.872168905950096,0.6693833134326056,0.9078904007134696,1.323482693405822,0.010835746349766851
electricity,None,Task.FEATURE_INADEQUACY,DT,0.9217973054001967,0.9775300255087638,0.9052996832943514,0.9157745228728069,0.9103951020003432,0.9331995088000502,3.1290633882395924,0.005088459374383092
electricity,None,Task.FEATURE_INADEQUACY,RF,0.8802798911116533,0.9545648007730954,0.8417088677986471,0.8902990173661001,0.8651824273908838,0.8953773548324225,1.4785602956078947,0.010131480591371655
electricity,0.0,Task.NOISY_DATA,DT,0.9955342883878162,0.9999186163810319,0.9928911718561284,0.9948989407493813,0.9938925129482776,0.9971760638273549,0.3847458839882165,0.0034492443315684795
electricity,0.0,Task.NOISY_DATA,RF,0.9904340482306916,0.9996912867460063,0.9899478167301948,0.9838585651336494,0.9868913282228757,0.9939767682385074,1.6189102115575225,0.008517161943018436
electricity,0.01,Task.NOISY_DATA,DT,0.9944094935980475,0.9998738355712172,0.9920429246492743,0.9927249329743268,0.9923820644086877,0.9964369227874071,0.5948406365700066,0.003456176398321986
electricity,0.01,Task.NOISY_DATA,RF,0.9892011785634114,0.9995620570038009,0.9890508734441156,0.9815008181824947,0.9852557921261,0.9931465650007227,2.137266967166215,0.00914798299781978
electricity,0.02,Task.NOISY_DATA,DT,0.9944732383342124,0.9997954873520978,0.9917333840345008,0.9932377148208694,0.9924844185754857,0.9964620580929395,0.5044317309278995,0.0034190062433481216
electricity,0.02,Task.NOISY_DATA,RF,0.989332585918335,0.9995096400914137,0.9880698350755402,0.9828875095788725,0.9854702937761541,0.993194878060516,2.05084646823816,0.009686749195680022
electricity,0.03,Task.NOISY_DATA,DT,0.9946997780872451,0.9998725262733178,0.9925508979291129,0.99309273095046,0.9928213627755289,0.9965781933989615,0.5372521727345884,0.003719999548047781
electricity,0.03,Task.NOISY_DATA,RF,0.9884076319255473,0.9995082259945975,0.989088709861138,0.9794835315163632,0.9842589702891399,0.9925562935619545,2.21586831738241,0.009871716145426035
electricity,0.04,Task.NOISY_DATA,DT,0.9944864277981328,0.999821068630701,0.9926489693973466,0.9926455839326414,0.9926461781112813,0.996326677484984,0.567995857866481,0.0034701299853622915
electricity,0.04,Task.NOISY_DATA,RF,0.9882311799367061,0.9994289773042049,0.9877897807303109,0.9807857503318391,0.984274729152582,0.9921876307208303,2.1467982036061586,0.010264391824603081
electricity,0.05,Task.NOISY_DATA,DT,0.995517137409119,0.9997982671390178,0.9939454745577947,0.9942000651678071,0.9940713778875427,0.9969628969306953,0.5679895330220461,0.0034849925898015497
electricity,0.05,Task.NOISY_DATA,RF,0.9904945285378884,0.999550486126601,0.9920466968416477,0.9827956989247312,0.9873978764486765,0.9935911806271005,2.4317185018211602,0.010478597227483987
electricity,0.06,Task.NOISY_DATA,DT,0.9956253106206889,0.9998345695835551,0.9943574217048482,0.9940308297802558,0.9941937886404372,0.9970568326009408,0.4875136542133987,0.0035400042310357095
electricity,0.06,Task.NOISY_DATA,RF,0.9888117731814683,0.9994980069295781,0.9927450263551568,0.9775664152181044,0.9850945877074206,0.9925289586555162,2.6446298081893476,0.01062842016108334
electricity,0.07,Task.NOISY_DATA,DT,0.9947604561041338,0.9998109477804722,0.9934461007172762,0.9925153790216388,0.9929800508835374,0.9965408613247302,0.529194445675239,0.00377688561566174
electricity,0.07,Task.NOISY_DATA,RF,0.9877620258570825,0.999410142233236,0.9898492746141926,0.9773458033093261,0.9835551520914823,0.9919688996226826,2.35849316874519,0.010930473171174526
electricity,0.08,Task.NOISY_DATA,DT,0.9947700732951616,0.9998363943426902,0.9928095982587779,0.993204774350677,0.9930055271948387,0.9965346193954849,0.5554586621467024,0.003605462843552232
electricity,0.08,Task.NOISY_DATA,RF,0.9875686138175377,0.9994186697763185,0.9878337230082881,0.9788822103945355,0.9833363250069036,0.9918009026281718,2.577084535639733,0.011006585787981749
electricity,0.09,Task.NOISY_DATA,DT,0.994237934661642,0.9998067064608008,0.9928632954391409,0.9915784398759874,0.9922178156255412,0.9962580536977427,0.5778312387876212,0.003664745204150677
electricity,0.09,Task.NOISY_DATA,RF,0.9870882416913778,0.999393242284766,0.9875861754184541,0.9775197230014026,0.9825256174531584,0.9916508659295975,2.388973597344011,0.011277213133871556
electricity,0.1,Task.NOISY_DATA,DT,0.9942376772645491,0.9997975529636349,0.9915102655796829,0.992925678942097,0.9922171995750764,0.9962581549540219,0.5931423752103001,0.003601073008030653
electricity,0.1,Task.NOISY_DATA,RF,0.987078376621672,0.9993812883883957,0.9872510624969923,0.9778244014368754,0.9825002227678443,0.9916565304754995,2.1472636620514094,0.011237666802480816
electricity,0.0,Task.SEMI_SUPERVISED,DT,0.906084652527324,0.9700605168021337,0.8960301459284834,0.8870402700595058,0.8915104574977288,0.9206588475569191,0.30444303010590373,0.00354739842005074
electricity,0.0,Task.SEMI_SUPERVISED,RF,0.8797874323079367,0.9544373513616696,0.8825618793026921,0.836669040919106,0.8589907853430201,0.9005840792728531,1.5318757257889957,0.012385316891595721
electricity,0.01,Task.SEMI_SUPERVISED,DT,0.9054341670210537,0.9692683682255586,0.8949678543987609,0.8867551900763322,0.8908349407842282,0.9200333932578791,0.347600461775437,0.0034517616033554075
electricity,0.01,Task.SEMI_SUPERVISED,RF,0.8790932349262462,0.9546119934167946,0.8795047639073117,0.8383232154169786,0.8584105319060683,0.8997759379464242,1.56735280319117,0.012710590194910765
electricity,0.02,Task.SEMI_SUPERVISED,DT,0.9017473090007426,0.9674586302721376,0.8882389796309156,0.88555018126814,0.8868763665405544,0.9166182514609307,0.32889718622900543,0.0034449677914381027
electricity,0.02,Task.SEMI_SUPERVISED,RF,0.8805054610128579,0.9553183908159243,0.8775654194321627,0.8441987750999356,0.8605367674705307,0.9004741545551852,1.5628116914536805,0.012757654162123799
electricity,0.03,Task.SEMI_SUPERVISED,DT,0.9024665249740448,0.9666562224340236,0.8894744493989538,0.8860006402229132,0.8877289244277605,0.9172041255203286,0.3308715294580907,0.0034999983850866555
electricity,0.03,Task.SEMI_SUPERVISED,RF,0.8825563273642073,0.9554344887606095,0.8772753429949812,0.849755863594849,0.8632868781247411,0.9018257766036737,1.5760383205953985,0.012684941617771983
electricity,0.04,Task.SEMI_SUPERVISED,DT,0.9005992118785671,0.9654174644483107,0.8848094785755402,0.8869435579865194,0.8858716487028607,0.9153267750542733,0.33145199380815027,0.0034067238215357066
electricity,0.04,Task.SEMI_SUPERVISED,RF,0.8840542316293798,0.9560316680359625,0.8756651490460513,0.8552461822098578,0.8653253015442294,0.9027831617145301,1.5845378967467696,0.012897634413093328
electricity,0.05,Task.SEMI_SUPERVISED,DT,0.8986517003156698,0.9643926819430334,0.8826254097606523,0.8845420120215592,0.8835709240108951,0.9137324766204445,0.32840988179668784,0.003473006607964635
electricity,0.05,Task.SEMI_SUPERVISED,RF,0.8831479088622366,0.9558928558672873,0.871663708798083,0.8576358619550486,0.8645822422387216,0.9017135754857517,1.6166451086755842,0.012747375946491956
electricity,0.06,Task.SEMI_SUPERVISED,DT,0.8959691579507151,0.9626123155544223,0.8791234779341807,0.8817314068614932,0.8804217254578562,0.9115165904435738,0.2755518508143723,0.003451870242133737
electricity,0.06,Task.SEMI_SUPERVISED,RF,0.8827348089471668,0.9562560209958562,0.8695487455592401,0.8593095308079368,0.8643666933511824,0.9011029245431512,1.6952286379877477,0.012771726353093982
electricity,0.07,Task.SEMI_SUPERVISED,DT,0.8955428060735546,0.9612047272624407,0.8781659836074762,0.8819882714325609,0.8800555302624741,0.9110300818846351,0.26255208742804825,0.003390505537390709
electricity,0.07,Task.SEMI_SUPERVISED,RF,0.8829840701868253,0.9558071046363038,0.8683958154707904,0.8614243123009985,0.8648825392216383,0.9010856011520121,1.6824441860429942,0.012780022202059626
electricity,0.08,Task.SEMI_SUPERVISED,DT,0.8935296636429777,0.9611052984447577,0.8748930050539725,0.8808153693917417,0.8778379496689771,0.9092213776169782,0.2503462926484644,0.0035363387316465376
electricity,0.08,Task.SEMI_SUPERVISED,RF,0.8829159765123562,0.9551619909920624,0.8654563255751354,0.8648425756418572,0.8651196709178581,0.9007122821068542,1.7017909795045854,0.013455479824915528
electricity,0.09,Task.SEMI_SUPERVISED,DT,0.8929914789070491,0.9597398451766516,0.8743075351507301,0.8800813955175567,0.87717788399584,0.9088050738182583,0.23834834895096718,0.0035354346502572296
electricity,0.09,Task.SEMI_SUPERVISED,RF,0.884840573926333,0.9560720044297423,0.862667262877874,0.8735208916833381,0.8680192248470124,0.9016619230056534,1.7243663683068007,0.012841544579714537
electricity,0.1,Task.SEMI_SUPERVISED,DT,0.887720243360906,0.9568573418431964,0.8670288330546132,0.8756637806637807,0.8713091200392358,0.9041313666825763,0.22531834142282606,0.003388982405886054
electricity,0.1,Task.SEMI_SUPERVISED,RF,0.8845427169456798,0.9554658484989798,0.8593888234637197,0.8770148001827689,0.8681051928508339,0.9009802410405257,1.7107418207917362,0.0127530203666538
pc4,0.01,Task.DATA_IMBALANCE,DT,0.47026232480901486,0.82890625,0.018736383442265796,0.4,0.035278514588859416,0.9052461350291703,0.0817379729822278,0.0008893619291484356
pc4,0.01,Task.DATA_IMBALANCE,RF,0.46238195957103506,0.73984375,0.012599681020733652,0.3,0.0235632183908046,0.9012007007512655,0.3518285042140633,0.0015521692112088203
pc4,0.02,Task.DATA_IMBALANCE,DT,0.5645389493571431,0.8947916666666668,0.11911725955204215,0.6666666666666666,0.19560439560439563,0.9334735031098905,0.06613861420191824,0.0009285162203013897
pc4,0.02,Task.DATA_IMBALANCE,RF,0.5143072245375415,0.8838541666666666,0.09340373099386383,0.8,0.16216433018347054,0.8664501188916125,0.30842179004102943,0.0016001353040337562
pc4,0.03,Task.DATA_IMBALANCE,DT,0.623125594892109,0.946875,0.19005602240896358,0.9,0.31283116883116885,0.933420020953049,0.08773744162172079,0.0010144484229385852
pc4,0.03,Task.DATA_IMBALANCE,RF,0.612315596784096,0.925,0.18568881433157874,0.75,0.29253440506637435,0.9320967885018175,0.24185060765594243,0.0015763109549880028
pc4,0.04,Task.DATA_IMBALANCE,DT,0.6182916499062925,0.9517708333333333,0.1987633689839572,0.9266666666666667,0.32431827259413465,0.9122650272184503,0.12870342223905026,0.001040566572919488
pc4,0.04,Task.DATA_IMBALANCE,RF,0.6381963594382866,0.9500520833333335,0.23858532272325378,0.9266666666666667,0.364446864962994,0.911945853913579,0.16171790240332484,0.0014747108332812786
pc4,0.05,Task.DATA_IMBALANCE,DT,0.652329623241584,0.9420386904761905,0.2555824175824176,0.8238095238095238,0.3839591567852437,0.9207000896979242,0.11324440278112888,0.0010165289044380189
pc4,0.05,Task.DATA_IMBALANCE,RF,0.6270148133256781,0.9394345238095237,0.227049959049959,0.8857142857142858,0.3536844690348584,0.9003451576164977,0.2874393858015537,0.0016430557705461978
pc4,0.06,Task.DATA_IMBALANCE,DT,0.680464878704298,0.956640625,0.3069531769871328,0.925,0.44755138914059456,0.9133783682680013,0.10466699982061982,0.0010584968607872725
pc4,0.06,Task.DATA_IMBALANCE,RF,0.6112928846052584,0.94453125,0.2353333333333333,0.925,0.3614801061007958,0.8611056631097214,0.2372086570132524,0.0015229668002575635
pc4,0.07,Task.DATA_IMBALANCE,DT,0.6984569650453671,0.9534722222222223,0.32734128616481556,0.9111111111111111,0.4753113553113553,0.921602574779379,0.08800415280275047,0.0009409079328179359
pc4,0.07,Task.DATA_IMBALANCE,RF,0.6847263701737974,0.9418402777777779,0.30815789473684213,0.7999999999999999,0.4440030557677616,0.9254496845798335,0.24431855478323997,0.0013692839536815881
pc4,0.08,Task.DATA_IMBALANCE,DT,0.7364426383002716,0.9659232954545456,0.4192362402888719,0.889090909090909,0.5459109806798728,0.92697429592067,0.09444327196106314,0.000975268380716443
pc4,0.08,Task.DATA_IMBALANCE,RF,0.7362179323790794,0.9477698863636365,0.3944444444444445,0.901818181818182,0.5418455330025609,0.9305903317555979,0.3670138105284423,0.0015540928114205598
pc4,0.09,Task.DATA_IMBALANCE,DT,0.7374905470832245,0.940625,0.41795075925106884,0.9,0.5546666666666666,0.9203144274997822,0.09708749977871775,0.000994472810998559
pc4,0.09,Task.DATA_IMBALANCE,RF,0.7371764068567404,0.9365885416666668,0.4312987012987013,0.8333333333333333,0.5469353518821605,0.9274174618313203,0.3700737201143056,0.0016488478053361178
pc4,0.1,Task.DATA_IMBALANCE,DT,0.7199519686688263,0.95,0.3921431028551771,0.8923076923076924,0.5324267420778493,0.9074771952598034,0.10339153036475182,0.0010058443062007428
pc4,0.1,Task.DATA_IMBALANCE,RF,0.692940979535701,0.9448317307692309,0.35250180375180373,0.8615384615384615,0.4910552412132427,0.8948267178581594,0.2650085113476962,0.0014630926307290792
pc4,0.11,Task.DATA_IMBALANCE,DT,0.7867384977181144,0.95859375,0.505050505050505,0.9,0.6368713450292397,0.9366056504069891,0.11319489660672843,0.001040515024214983
pc4,0.11,Task.DATA_IMBALANCE,RF,0.7577430719971896,0.9428571428571428,0.4424225632281898,0.9571428571428573,0.5972979000409865,0.9181882439533926,0.2510957627091557,0.0013778923545032739
pc4,0.12,Task.DATA_IMBALANCE,DT,0.7980099163453884,0.9574934895833334,0.5248601256343192,0.9116666666666667,0.6589325647650144,0.9370872679257625,0.10996278636157512,0.0010281741619110108
pc4,0.12,Task.DATA_IMBALANCE,RF,0.7722117135533318,0.94681640625,0.46742682774940836,0.9358333333333334,0.6206594256807022,0.9237640014259615,0.21447595679201187,0.0013827182352542876
pc4,0.13,Task.DATA_IMBALANCE,DT,0.8063447703738671,0.9578125,0.542221578286487,0.9176470588235294,0.6763326392926322,0.9363569014551022,0.11656110561452807,0.0010559169575572013
pc4,0.13,Task.DATA_IMBALANCE,RF,0.7761538878993671,0.9466911764705882,0.4784090909090909,0.9176470588235294,0.628843537414966,0.9234642383837681,0.324687406886369,0.0015447627287358046
pc4,0.14,Task.DATA_IMBALANCE,DT,0.7635733075045013,0.9499131944444444,0.4700038780824195,0.9333333333333333,0.6183256029684602,0.9088210120405422,0.11447288617491722,0.00107638081535697
pc4,0.14,Task.DATA_IMBALANCE,RF,0.7653195618757502,0.9460069444444444,0.4945887445887446,0.8555555555555555,0.6136683209263853,0.9169708028251151,0.3718939382582903,0.0016333933919668198
pc4,None,Task.FEATURE_INADEQUACY,DT,0.7732756497443898,0.9457465277777777,0.5053773538762534,0.8444444444444444,0.6248629137644477,0.9216883857243319,0.8013591520488262,0.0021360615734010934
pc4,None,Task.FEATURE_INADEQUACY,RF,0.7620829440882596,0.9432291666666666,0.4742691622103387,0.9,0.6130154791445115,0.9111504090320078,1.5180299571715294,0.002955407416447997
pc4,0.0,Task.NOISY_DATA,DT,0.8071569799613452,0.9661869279941427,0.7675128532794437,0.568,0.642859025032938,0.9714549348897522,0.20515743824653326,0.0038809601217508318
pc4,0.0,Task.NOISY_DATA,RF,0.7158839149841776,0.9568621553884711,0.8719169719169718,0.328,0.46493302296757805,0.9668348070007772,0.2617985715623945,0.004360398789867759
pc4,0.01,Task.NOISY_DATA,DT,0.8251860738745751,0.9591242918285952,0.837273487382183,0.5793478260869566,0.6739274200976328,0.9764447276515174,0.19532562387175859,0.0038675004150718452
pc4,0.01,Task.NOISY_DATA,RF,0.712305703306449,0.9540653322299105,0.95,0.3108695652173913,0.4554248366013073,0.9691865700115908,0.2583341090008616,0.004525757627561688
pc4,0.02,Task.NOISY_DATA,DT,0.8371738061567123,0.9577009941399217,0.8370911293579217,0.6046153846153846,0.699234034699151,0.9751135776142735,0.221330549614504,0.004039403144270181
pc4,0.02,Task.NOISY_DATA,RF,0.706531597032971,0.9499609328109825,0.8973737373737374,0.30215384615384616,0.44730271068031974,0.9657604833856223,0.27698486098088326,0.004277521884068847
pc4,0.03,Task.NOISY_DATA,DT,0.8093793894522794,0.9462537854207224,0.8185728744939272,0.5340579710144928,0.6445038061317131,0.9742549727728456,0.20865690018981695,0.003882244601845741
pc4,0.03,Task.NOISY_DATA,RF,0.7033831146101457,0.9377433484750162,0.8761904761904763,0.2971014492753623,0.43866248693834897,0.9681037422819422,0.27564311479218306,0.0044589128345251085
pc4,0.04,Task.NOISY_DATA,DT,0.827737963765941,0.958622129975627,0.8204598506069095,0.5807971014492754,0.679036849768557,0.976439077763325,0.20255361846648157,0.0038315574638545513
pc4,0.04,Task.NOISY_DATA,RF,0.7073327582871114,0.9463346251609256,0.8294372294372294,0.30833333333333335,0.4465815651773906,0.9680839513968321,0.28383557284250854,0.004455529199913144
pc4,0.05,Task.NOISY_DATA,DT,0.7860266654527406,0.953580659436898,0.866391468868249,0.4706666666666666,0.5991732845358017,0.9728800463696794,0.20145625239238144,0.003857209999114275
pc4,0.05,Task.NOISY_DATA,RF,0.7011153938173997,0.939980085527419,1.0,0.281,0.43373376623376625,0.9684970214010331,0.26771488538943233,0.004548145364969969
pc4,0.06,Task.NOISY_DATA,DT,0.7915834579095483,0.947673526076364,0.8344444444444443,0.5,0.6083901189177366,0.9747767969013598,0.21015019533224405,0.003924852516502142
pc4,0.06,Task.NOISY_DATA,RF,0.657378012564923,0.9370676116749372,0.8761904761904763,0.21976284584980238,0.34791208791208794,0.9668439372177581,0.29699896867387,0.004566379217430949
pc4,0.07,Task.NOISY_DATA,DT,0.7949690614722196,0.9337218420583293,0.7671504965622613,0.524,0.6191166591581745,0.9708214637862647,0.20512129818089306,0.003874505823478103
pc4,0.07,Task.NOISY_DATA,RF,0.6996883807187608,0.9269308758788357,0.9464285714285715,0.2826666666666666,0.432397504456328,0.9669792569811936,0.287784434016794,0.004523023031651974
pc4,0.08,Task.NOISY_DATA,DT,0.7777572103709697,0.934224101618342,0.731111111111111,0.4953846153846153,0.5884893473440663,0.9670250733978731,0.22406078865751625,0.003858773922547698
pc4,0.08,Task.NOISY_DATA,RF,0.6761880661897406,0.937885439287624,0.9514285714285714,0.248,0.3883284457478006,0.9640476866316806,0.32940970091149213,0.004613839369267225
pc4,0.09,Task.NOISY_DATA,DT,0.7629861273580569,0.9455281163722077,0.7341736694677872,0.4569230769230769,0.5595705350232812,0.9664017196928325,0.23480904079042375,0.0038985484279692173
pc4,0.09,Task.NOISY_DATA,RF,0.6812917958734606,0.9344692209478703,0.9550000000000001,0.25599999999999995,0.39818627450980393,0.9643973172371171,0.32003164682537316,0.004592155572026968
pc4,0.1,Task.NOISY_DATA,DT,0.7893370149243062,0.9380092123214802,0.8022418757712876,0.4909090909090909,0.6042378673957621,0.9744361624528499,0.21786401146091522,0.004003670951351524
pc4,0.1,Task.NOISY_DATA,RF,0.6918179437945232,0.9314823576533614,0.9714285714285715,0.2636363636363636,0.41317277869002006,0.9704631088990265,0.24233385855332018,0.004451506724581123
pc4,0.0,Task.SEMI_SUPERVISED,DT,0.7619695189952155,0.9402945188492063,0.6898056244830438,0.4939682539682539,0.5741875838759382,0.9497514541144925,0.19686734401620926,0.003817389812320471
pc4,0.0,Task.SEMI_SUPERVISED,RF,0.6727727171236475,0.936781994047619,0.7805128205128204,0.26952380952380955,0.3993595217920656,0.9461859124552296,0.19471106161363422,0.004957781825214625
pc4,0.01,Task.SEMI_SUPERVISED,DT,0.7732201932717622,0.9277361154954444,0.6568834351922588,0.5539682539682539,0.5980747795549108,0.9483656069886136,0.21742669600062073,0.0038859179709106683
pc4,0.01,Task.SEMI_SUPERVISED,RF,0.6824933536385748,0.9395938625260774,0.7254307783719549,0.3001587301587302,0.4200074112960504,0.9449792959810992,0.22098456765525043,0.004794031195342541
pc4,0.02,Task.SEMI_SUPERVISED,DT,0.7806509215341373,0.9310936831571939,0.6622796397151236,0.5695798319327731,0.6105930756773318,0.9507087673909427,0.21410695645026862,0.004079515254124999
pc4,0.02,Task.SEMI_SUPERVISED,RF,0.7092003527446092,0.9385624634980154,0.7557523616734143,0.3435294117647059,0.46942089985486213,0.9489798056343565,0.2584270349703729,0.0045268101617693905
pc4,0.03,Task.SEMI_SUPERVISED,DT,0.7788908282543666,0.9373091362468035,0.6376686778800238,0.5850420168067227,0.6094489015994166,0.9483327549093165,0.22306155487895013,0.003863970562815666
pc4,0.03,Task.SEMI_SUPERVISED,RF,0.7250173697556784,0.9394747518128899,0.7573020787262273,0.37445378151260506,0.4993758786533481,0.9506588608580089,0.28968609059229494,0.004644920863211155
pc4,0.04,Task.SEMI_SUPERVISED,DT,0.7424234463592295,0.9099121108446789,0.6065595647923839,0.5,0.5410523775655355,0.9437945151529238,0.23064021300524473,0.004015306802466511
pc4,0.04,Task.SEMI_SUPERVISED,RF,0.6859213919755025,0.9415481847559171,0.6530683760683761,0.32620320855614976,0.4266796078843432,0.945163176066662,0.32350083040073513,0.004514842201024294
pc4,0.05,Task.SEMI_SUPERVISED,DT,0.7692120029175152,0.9110804895728783,0.6153360528360527,0.5740530303030302,0.5910042831877328,0.9474197226472976,0.19879785333760083,0.003935910621657967
pc4,0.05,Task.SEMI_SUPERVISED,RF,0.7062374987640003,0.9337782601863399,0.7008325008325008,0.36022727272727273,0.466157224418094,0.9463177731099067,0.3021253661252558,0.0044774376321583985
pc4,0.06,Task.SEMI_SUPERVISED,DT,0.7603362321016156,0.9002148534312641,0.5736411411411412,0.5848484848484847,0.5783054626532886,0.9423670015499424,0.23478017244488,0.004037783155217767
pc4,0.06,Task.SEMI_SUPERVISED,RF,0.718640266178979,0.933493205303264,0.6673332948740137,0.39015151515151514,0.4908887726030583,0.9463917597548999,0.36630562697537244,0.004552224278450012
pc4,0.07,Task.SEMI_SUPERVISED,DT,0.745620409850124,0.8828626486730105,0.5577376954368934,0.5494318181818182,0.5519680095889774,0.9392728101112707,0.2560493950266391,0.003938470827415585
pc4,0.07,Task.SEMI_SUPERVISED,RF,0.7286455981046579,0.9261771511571537,0.7483982683982684,0.3910984848484848,0.5072764412387054,0.9500147549706105,0.4203398335725069,0.004639984900131821
pc4,0.08,Task.SEMI_SUPERVISED,DT,0.748769846075341,0.8952381903692533,0.5567602401306517,0.5734848484848485,0.5602421519601931,0.937297540190489,0.24195831040851773,0.003918300848454237
pc4,0.08,Task.SEMI_SUPERVISED,RF,0.7340339527459656,0.9273077579800892,0.6721185316231756,0.4325757575757576,0.5215890524569768,0.9464788530349544,0.33272009319625795,0.0045407222583889965
pc4,0.09,Task.SEMI_SUPERVISED,DT,0.7438937020236306,0.8875500319303967,0.5384126984126983,0.571969696969697,0.551022055011579,0.9367653490356822,0.2256258341949433,0.0038833407685160636
pc4,0.09,Task.SEMI_SUPERVISED,RF,0.7249501103414367,0.9238574670441624,0.6410038699690402,0.4295454545454545,0.5048049482951076,0.9450952723877661,0.3553926252759993,0.004571796022355556
pc4,0.1,Task.SEMI_SUPERVISED,DT,0.7243132808102188,0.8731348434758323,0.4855686384450051,0.5780241935483871,0.5222354111193097,0.9263911505011281,0.1774799299892038,0.0039166226517409084
pc4,0.1,Task.SEMI_SUPERVISED,RF,0.7178079228860419,0.9254086788036648,0.6231028588269967,0.420766129032258,0.4929729390540434,0.9426429067180404,0.38548624417744576,0.004641796229407191
pc3,0.01,Task.DATA_IMBALANCE,DT,0.45602411797834475,0.8959473150962513,0.01734501347708895,0.5,0.03260676944887471,0.8794414665078147,0.03964962065219879,0.0008396560326218605
pc3,0.01,Task.DATA_IMBALANCE,RF,0.46458338820085493,0.8425379939209726,0.009329140461215931,0.4,0.01821821821821822,0.9109485581834915,0.2931624023709446,0.0015033746138215065
pc3,0.02,Task.DATA_IMBALANCE,DT,0.4948583781673947,0.7891489361702126,0.05186813186813186,0.5,0.09324617070622117,0.8964705856285683,0.08864400363527239,0.000956150097772479
pc3,0.02,Task.DATA_IMBALANCE,RF,0.4814482121857053,0.7975515028706519,0.031151515151515152,0.3,0.05634920634920635,0.9065472180222043,0.3110769001767039,0.001516167027875781
pc3,0.03,Task.DATA_IMBALANCE,DT,0.5347688767796026,0.8635116514690981,0.11852530683175844,0.8699999999999999,0.20468371256548598,0.8648540409937192,0.09695280510932207,0.0009783504996448756
pc3,0.03,Task.DATA_IMBALANCE,RF,0.4760335862516129,0.8676129685916919,0.08342025518341309,0.9,0.15171121698155152,0.8003559555216745,0.39926637350581584,0.0016178913880139588
pc3,0.04,Task.DATA_IMBALANCE,DT,0.5200834268723977,0.8563627152988855,0.11822810253754903,0.7866666666666666,0.1995132023029581,0.8406536514418373,0.09094490236602723,0.0010007683653384448
pc3,0.04,Task.DATA_IMBALANCE,RF,0.4954768808872002,0.8482674772036475,0.10405790288143231,0.8066666666666666,0.1812486829536496,0.8097050788207506,0.309986665379256,0.0015358929987996817
pc3,0.05,Task.DATA_IMBALANCE,DT,0.5547451287201679,0.8628339846576928,0.14868497743062203,0.8,0.24912449123412578,0.86036576620621,0.09950824296101927,0.0010621226858347655
pc3,0.05,Task.DATA_IMBALANCE,RF,0.5223287253579737,0.8669025908235634,0.13562849573152783,0.8285714285714286,0.22891402973694244,0.8157434209790051,0.14015732021071017,0.0013885542750358582
pc3,0.06,Task.DATA_IMBALANCE,DT,0.5698564024717716,0.8260385005065857,0.1858206309819213,0.711111111111111,0.2829113525727544,0.8568014523707888,0.11643255124799907,0.0010107604321092367
pc3,0.06,Task.DATA_IMBALANCE,RF,0.5635718290533559,0.812176629517055,0.170371953119535,0.7861111111111111,0.2762963207432042,0.8508473373635075,0.1865250903647393,0.001368936011567712
pc3,0.07,Task.DATA_IMBALANCE,DT,0.5710716247665074,0.8449287402904424,0.18681144142244713,0.6777777777777778,0.2806399248817064,0.8615033246513084,0.18656526133418083,0.0013068535830825568
pc3,0.07,Task.DATA_IMBALANCE,RF,0.572395982978906,0.8289442755825733,0.1860420960837165,0.64,0.2731830817739137,0.8716088841838985,0.4252521944232285,0.0017518498469144105
pc3,0.08,Task.DATA_IMBALANCE,DT,0.6282290079939937,0.8756115869945656,0.25847211040701334,0.7575757575757576,0.3738467152260255,0.8826113007619616,0.14544280995614828,0.0011141731403768063
pc3,0.08,Task.DATA_IMBALANCE,RF,0.6119558125597425,0.8626964170581193,0.234583114278482,0.843939393939394,0.36331865004066144,0.860592975078824,0.3208609104156494,0.0017049215734004975
pc3,0.09,Task.DATA_IMBALANCE,DT,0.5563298666753371,0.8377788169277531,0.19748717948717948,0.7730769230769231,0.3056542994042994,0.8070054339463747,0.15198665158823133,0.0011964294128119946
pc3,0.09,Task.DATA_IMBALANCE,RF,0.5939555673853546,0.8418928116800457,0.2257857142857143,0.7705128205128207,0.344059362496984,0.8438517722737251,0.324331033648923,0.0017222595866769551
pc3,0.1,Task.DATA_IMBALANCE,DT,0.591354077923169,0.835974815458098,0.23614386614668223,0.8285714285714286,0.3636449408475976,0.8190632149987402,0.14439235692843794,0.0012186517938971519
pc3,0.1,Task.DATA_IMBALANCE,RF,0.5894602905561717,0.8401128962223187,0.2402450621274151,0.7285714285714286,0.3528503022135097,0.8260702788988337,0.3761416575871408,0.001891486020758748
pc3,0.11,Task.DATA_IMBALANCE,DT,0.6163462528310827,0.8212478892266126,0.26760850390826973,0.6975,0.37730891915102444,0.855383586511141,0.15619852463714778,0.0011560052167624234
pc3,0.11,Task.DATA_IMBALANCE,RF,0.6303885746531288,0.8421411685241473,0.2800386203539424,0.8099999999999999,0.4116016970077503,0.8491754522985074,0.4307444165926427,0.0019578727427870036
pc3,None,Task.FEATURE_INADEQUACY,DT,0.6139793146442438,0.8161654635258359,0.2778000256706456,0.7375,0.3893262738644699,0.8386323554240178,0.26757846619002523,0.0010356487706303596
pc3,None,Task.FEATURE_INADEQUACY,RF,0.6213153268779689,0.8392132092198581,0.26913911971305404,0.75,0.3931146543555546,0.8495159994003831,2.019692520424724,0.002715440420433879
pc3,0.0,Task.NOISY_DATA,DT,0.6882001292419417,0.9391988586484782,0.595,0.30659340659340656,0.3962299377833097,0.9801703207005736,0.17591769718565048,0.0038704514037817715
pc3,0.0,Task.NOISY_DATA,RF,0.5402816942472594,0.9321750156198316,0.4666666666666667,0.05934065934065934,0.1035294117647059,0.9770339767298128,0.22733878614380956,0.004562575416639447
pc3,0.01,Task.NOISY_DATA,DT,0.6772744514858278,0.9289885424652866,0.5904761904761905,0.28076923076923077,0.37333333333333335,0.9812155696383222,0.16209214818663895,0.0038638840895146133
pc3,0.01,Task.NOISY_DATA,RF,0.535250447569638,0.9329525797200215,0.5,0.05,0.09010989010989011,0.980391005029386,0.21594432056881488,0.0044694247655570505
pc3,0.02,Task.NOISY_DATA,DT,0.6859366536700422,0.9354040404040405,0.6166666666666667,0.2909090909090909,0.38931372549019605,0.9825595818498879,0.18317545880563557,0.0038281978107988835
pc3,0.02,Task.NOISY_DATA,RF,0.5291083245637125,0.9345842310144636,0.27999999999999997,0.05,0.07782805429864253,0.9803885948287825,0.25153075163252653,0.00461044735275209
pc3,0.03,Task.NOISY_DATA,DT,0.7203329453821933,0.936267592872244,0.72,0.33787878787878783,0.4564705882352942,0.9841953025290924,0.1944380255881697,0.003836571844294667
pc3,0.03,Task.NOISY_DATA,RF,0.5625712271485892,0.9316259438236182,0.6333333333333333,0.08333333333333333,0.14344322344322344,0.9816992308539548,0.239137937547639,0.00458528739400208
pc3,0.04,Task.NOISY_DATA,DT,0.6594219168954055,0.916283840190817,0.5742857142857143,0.2461538461538461,0.33826969384244926,0.9805741399483617,0.19854613286443054,0.003919050469994545
pc3,0.04,Task.NOISY_DATA,RF,0.5319339231939519,0.9089446290143964,0.4,0.047435897435897434,0.0838095238095238,0.98005832257838,0.26554227122105656,0.004685479821637273
pc3,0.05,Task.NOISY_DATA,DT,0.6617464375538965,0.9161673527141755,0.6333333333333333,0.2512820512820513,0.342936507936508,0.9805563671712851,0.20525964866392316,0.0038721399381756783
pc3,0.05,Task.NOISY_DATA,RF,0.5273435775468327,0.912045507818083,0.3,0.046153846153846156,0.07563025210084033,0.9790569029928251,0.27109264736063776,0.004558375151827931
pc3,0.06,Task.NOISY_DATA,DT,0.6325994434391348,0.8759535577108348,0.62,0.19242424242424241,0.28257020757020757,0.9826286793080617,0.18583823479712008,0.003833220200613141
pc3,0.06,Task.NOISY_DATA,RF,0.5060924218705798,0.8871557314803888,0.1,0.01818181818181818,0.03076923076923077,0.9814156129719287,0.2785681984387338,0.004664201755076647
pc3,0.07,Task.NOISY_DATA,DT,0.6610910997812189,0.905238441931804,0.6266666666666666,0.2333333333333333,0.33857142857142863,0.9836107709910091,0.19177034539170562,0.003899626201018691
pc3,0.07,Task.NOISY_DATA,RF,0.5051587871849492,0.9128260670999004,0.1,0.016666666666666666,0.02857142857142857,0.9817461457984699,0.2748892954085022,0.004656817764043808
pc3,0.08,Task.NOISY_DATA,DT,0.6521264618569823,0.9158020558253115,0.6272727272727272,0.2448717948717949,0.3229996346364633,0.9812532890775014,0.17148014199919998,0.0038497183937579393
pc3,0.08,Task.NOISY_DATA,RF,0.4895483243803153,0.9047653122071727,0.0,0.0,0.0,0.9790966487606306,0.29962827134877446,0.004726289864629507
pc3,0.09,Task.NOISY_DATA,DT,0.6138719071326328,0.8790982905982906,0.58,0.15897435897435896,0.2477777777777778,0.9799660364874878,0.2170553358271718,0.0038672864437103273
pc3,0.09,Task.NOISY_DATA,RF,0.48954941411039676,0.883,0.0,0.0,0.0,0.9790988282207935,0.29198603169061244,0.004699941771104932
pc3,0.1,Task.NOISY_DATA,DT,0.5954498563730549,0.8719304105720246,0.38666666666666666,0.14545454545454545,0.2102380952380952,0.9806616175080147,0.20321017876267433,0.003781697852537036
pc3,0.1,Task.NOISY_DATA,RF,0.4910452393267815,0.8824082278417716,0.0,0.0,0.0,0.982090478653563,0.30322743551805614,0.00464728781953454
pc3,0.0,Task.SEMI_SUPERVISED,DT,0.6197126414680021,0.8099814517666497,0.4345168067226891,0.23125,0.2991701120781337,0.9402551708578704,0.20190515993162989,0.003995176730677485
pc3,0.0,Task.SEMI_SUPERVISED,RF,0.5305676593977642,0.8416094067742754,0.5133333333333333,0.06875,0.11549461890019166,0.9456406998953366,0.27143512698821726,0.004574814205989241
pc3,0.01,Task.SEMI_SUPERVISED,DT,0.6197350346716146,0.8320202125536091,0.44935064935064933,0.2278225806451613,0.2987407998072477,0.9407292695359815,0.21508125816471874,0.003863608371466398
pc3,0.01,Task.SEMI_SUPERVISED,RF,0.5345645530698757,0.853186512016659,0.55,0.06955645161290322,0.12299474175635165,0.9461343643833997,0.31616418408229946,0.00464463047683239
pc3,0.02,Task.SEMI_SUPERVISED,DT,0.6204390175120497,0.813136045229788,0.3928787878787878,0.25443548387096776,0.3043392556649994,0.9365387793591001,0.18634984577074648,0.00394127881154418
pc3,0.02,Task.SEMI_SUPERVISED,RF,0.5469805399168605,0.8460650164822228,0.5112698412698411,0.08891129032258065,0.14886446886446886,0.9450966109692521,0.3223288093227893,0.004589682864025235
pc3,0.03,Task.SEMI_SUPERVISED,DT,0.6281880895969343,0.8030508776091082,0.4112280439866646,0.2683467741935484,0.3191246099053151,0.9372515692885532,0.16710603260435164,0.0040602392051368955
pc3,0.03,Task.SEMI_SUPERVISED,RF,0.5350194992904823,0.8400068192599621,0.44000000000000006,0.07661290322580645,0.12660228660228662,0.9434367119786782,0.3587697859387845,0.004776059230789542
pc3,0.04,Task.SEMI_SUPERVISED,DT,0.6302155090363666,0.8000360495603731,0.4135172798216276,0.2729032258064516,0.32353552801500224,0.9368954900577308,0.16711825439706446,0.003907350404188037
pc3,0.04,Task.SEMI_SUPERVISED,RF,0.5585217061377878,0.842937273764951,0.5133333333333334,0.10365591397849463,0.17177606177606178,0.9452673504995139,0.40983191384002565,0.004675890645012259
pc3,0.05,Task.SEMI_SUPERVISED,DT,0.6270766235161322,0.7808536685437165,0.39174173652434524,0.27161290322580645,0.31829736367571526,0.9358558833565492,0.17184278294444083,0.003943014610558748
pc3,0.05,Task.SEMI_SUPERVISED,RF,0.5439583052809283,0.8148799872097788,0.45904761904761904,0.08602150537634409,0.1431250731250731,0.9447915374367837,0.44785493761301043,0.004781745001673698
pc3,0.06,Task.SEMI_SUPERVISED,DT,0.625728639986008,0.7894278334677575,0.354450393975012,0.3,0.32175375068060014,0.9297035292914158,0.17839837376959622,0.003985898988321424
pc3,0.06,Task.SEMI_SUPERVISED,RF,0.5670366585951604,0.8284310788493296,0.4823376623376623,0.12,0.18935963838402864,0.9447136788062922,0.4822603199630976,0.004764288803562522
pc3,0.07,Task.SEMI_SUPERVISED,DT,0.6149170090334639,0.7436508565640552,0.3412307692307692,0.2751724137931035,0.3011492650475701,0.9286847530193576,0.1807184769771993,0.0038468642625957726
pc3,0.07,Task.SEMI_SUPERVISED,RF,0.5592817699712065,0.8099255736116616,0.4619047619047619,0.10804597701149425,0.17396870554765295,0.9445948343947599,0.4577318733558059,0.0048427294008433815
pc3,0.08,Task.SEMI_SUPERVISED,DT,0.6131509432552922,0.757035106477769,0.3281962864721485,0.2770114942528735,0.29968886606174744,0.926613020448837,0.16584828235208987,0.003861480439081788
pc3,0.08,Task.SEMI_SUPERVISED,RF,0.575561143637203,0.8236046511627908,0.4665512265512266,0.1347126436781609,0.20776273459200287,0.943359552682403,0.45990661294199525,0.0047635869588702915
pc3,0.09,Task.SEMI_SUPERVISED,DT,0.6320149662822836,0.7615703523874933,0.3379665379665379,0.3586206896551724,0.3433305717176828,0.9206993608468842,0.1651838210877031,0.003884508367627859
pc3,0.09,Task.SEMI_SUPERVISED,RF,0.5993466816703747,0.8301648805055555,0.61,0.1620689655172414,0.2526084441873916,0.946084919153358,0.5105150223709642,0.004863935662433505
pc3,0.1,Task.SEMI_SUPERVISED,DT,0.59526740193464,0.7566694033935414,0.27175876692005724,0.2924137931034483,0.27968253968253964,0.9108522641867403,0.16342974305152894,0.003954748809337616
pc3,0.1,Task.SEMI_SUPERVISED,RF,0.5822634151048994,0.8126044517423827,0.4144988344988345,0.15609195402298853,0.22466715185197436,0.9398596783578246,0.5428475414868444,0.004778140736743808
JM1,0.01,Task.DATA_IMBALANCE,DT,0.3502068127231962,0.6356871678056188,0.012722655737138605,0.6,0.024803876997056214,0.6756097484493362,0.16336101097986103,0.0018250718247145414
JM1,0.01,Task.DATA_IMBALANCE,RF,0.3794015680583186,0.6730194887370285,0.014741050922173319,0.6222222222222222,0.028709037940886743,0.7300940981757505,0.4036384554579854,0.003859619656577706
JM1,0.02,Task.DATA_IMBALANCE,DT,0.41471159149032155,0.6503565739127846,0.032063617314027064,0.5732026143790849,0.06033722815313471,0.7690859548275083,0.14531106590293347,0.0016918474342674018
JM1,0.02,Task.DATA_IMBALANCE,RF,0.38213590169020595,0.7099159557520807,0.03157289733937503,0.7176470588235294,0.06041823277849088,0.7038535706019211,1.3864239386748523,0.006624465622007847
JM1,0.03,Task.DATA_IMBALANCE,DT,0.442185720493595,0.6762372719662013,0.051025371095221594,0.5837606837606837,0.09357126290718164,0.7908001780800082,0.14270801963284613,0.0017193095292896033
JM1,0.03,Task.DATA_IMBALANCE,RF,0.48809812144697656,0.6893186729747095,0.058940993914880724,0.4404558404558404,0.10373750938079615,0.8724587335131571,0.8791025703772902,0.0048521496821194885
JM1,0.04,Task.DATA_IMBALANCE,DT,0.4665544138983232,0.7151480637813211,0.07361807470430712,0.6,0.12971437353368898,0.8033944542629575,0.11726456680335104,0.0017000757623463869
JM1,0.04,Task.DATA_IMBALANCE,RF,0.5117918475408136,0.7256947608200455,0.09126092482860787,0.5257142857142856,0.15467745493804771,0.8689062401435796,0.7349305651616305,0.003938621794804931
JM1,0.05,Task.DATA_IMBALANCE,DT,0.47793979875654785,0.7229291778836199,0.09216071501972758,0.5954545454545455,0.15451841177171322,0.8013611857413826,0.1150972293689847,0.0019225183874368667
JM1,0.05,Task.DATA_IMBALANCE,RF,0.4661146504661696,0.7434380824187203,0.09737626769211728,0.6954545454545455,0.16738001138552014,0.764849289546819,0.3929333987645805,0.003211644571274519
JM1,0.06,Task.DATA_IMBALANCE,DT,0.46954688378414816,0.7229488116216101,0.10296916954770323,0.6830188679245284,0.17810441161216434,0.760989355956132,0.11114040119573473,0.0020186273381114007
JM1,0.06,Task.DATA_IMBALANCE,RF,0.4798727896654046,0.7216787725104225,0.10279942630429421,0.630188679245283,0.17593013385004097,0.7838154454807682,0.4256102594546974,0.0033916914369910957
JM1,0.07,Task.DATA_IMBALANCE,DT,0.5003883089004859,0.7079775739054074,0.1247827040503214,0.6100475938656795,0.2053420324412404,0.7954345853597313,0.12338922265917063,0.001859536673873663
JM1,0.07,Task.DATA_IMBALANCE,RF,0.4802747532405943,0.7137334984442552,0.1160357719552236,0.6686409307244844,0.1966116677685334,0.7639378387126554,0.8180036551319063,0.004941682144999504
JM1,0.08,Task.DATA_IMBALANCE,DT,0.5178740853923226,0.7251245284921373,0.15649543238379268,0.5496579476861168,0.2355718999937547,0.8001762707908904,0.12477831863798201,0.0020515873562544583
JM1,0.08,Task.DATA_IMBALANCE,RF,0.5556260459600895,0.7337216465077481,0.1681136992894373,0.5411670020120725,0.2544727326633358,0.8567793592568431,0.967875399813056,0.005511646578088403
JM1,0.09,Task.DATA_IMBALANCE,DT,0.4908307220175857,0.7167699893313342,0.14470840619430897,0.6860759493670886,0.23637213261496126,0.7452893114202099,0.10909128794446588,0.0019695714581757784
JM1,0.09,Task.DATA_IMBALANCE,RF,0.5575790210652939,0.7296487990542373,0.18091013809709894,0.5569620253164557,0.2690337482213451,0.8461242939092429,0.8151003279257566,0.0046299505978822705
JM1,0.1,Task.DATA_IMBALANCE,DT,0.5620594834278061,0.7423327811141024,0.19423678262404226,0.6318181818181818,0.29610292497647556,0.8280160418791368,0.10654725837521255,0.0020693571306765078
JM1,0.1,Task.DATA_IMBALANCE,RF,0.5485753878446978,0.7485776040588114,0.18758318421427705,0.6772727272727274,0.29181158754372183,0.805339188145674,0.7915171063970774,0.0037451709620654585
JM1,0.11,Task.DATA_IMBALANCE,DT,0.5422436495059139,0.7200049878081238,0.1882739643994486,0.613831615120275,0.284955618906937,0.7995316801048908,0.11007196614518762,0.002693370496854186
JM1,0.11,Task.DATA_IMBALANCE,RF,0.5352351726110396,0.735163741496998,0.18579698197063088,0.6344501718213059,0.28382534793100983,0.7866449972910691,0.9680565897841007,0.0042184786405414345
JM1,0.12,Task.DATA_IMBALANCE,DT,0.5418450480014722,0.7289892387951872,0.20142133342098828,0.6601437556154537,0.3046562577631392,0.779033838239805,0.11678408076986671,0.0023614227306097747
JM1,0.12,Task.DATA_IMBALANCE,RF,0.5640080129502211,0.7501828565697994,0.2266108921229323,0.6625696316262354,0.3292181949184233,0.798797830982019,0.8242391608189792,0.004739113058894873
JM1,0.13,Task.DATA_IMBALANCE,DT,0.5885039720587011,0.7332793829676696,0.24300332620353976,0.5982456140350877,0.3432366506857538,0.8337712934316486,0.13069066321477293,0.002081191400066018
JM1,0.13,Task.DATA_IMBALANCE,RF,0.5801320530895635,0.7434300443591896,0.23397744048981584,0.5666666666666667,0.3283056338314749,0.8319584723476521,0.45924707339145243,0.0023948865476995707
JM1,0.14,Task.DATA_IMBALANCE,DT,0.5740986523562495,0.7483582421245625,0.23808877354861768,0.6504065040650406,0.3470700406675499,0.8011272640449489,0.10892182691022753,0.002238809783011675
JM1,0.14,Task.DATA_IMBALANCE,RF,0.6018537632153134,0.7609506083671315,0.26561080098636436,0.6178861788617886,0.3686555966911515,0.8350519297394751,0.7192890892270952,0.003299626987427473
JM1,0.15,Task.DATA_IMBALANCE,DT,0.5505246008222365,0.7318199075032787,0.23006008865153055,0.6969696969696969,0.3440937290946284,0.7569554725498449,0.10911022000946105,0.002286904351785779
JM1,0.15,Task.DATA_IMBALANCE,RF,0.5646411847197556,0.7474485745841098,0.2371659546901695,0.6803030303030304,0.3510635115918531,0.778218857847658,0.4740124732255936,0.0023790587671101092
JM1,0.16,Task.DATA_IMBALANCE,DT,0.5800904411839595,0.727325343358882,0.2542538569836461,0.6144478216818643,0.3589453264804348,0.8012355558874841,0.11313614994287491,0.0024204867891967296
JM1,0.16,Task.DATA_IMBALANCE,RF,0.601450303185051,0.7429614544892255,0.2797116772645152,0.5961195542046607,0.37841651149883937,0.8244840948712626,0.6634752807673067,0.003552911803126335
JM1,0.17,Task.DATA_IMBALANCE,DT,0.5637344358710837,0.730094759800849,0.25560024040280577,0.6836778523489933,0.36853310752219015,0.7589357642199774,0.13090442027896643,0.0018476141151040793
JM1,0.17,Task.DATA_IMBALANCE,RF,0.5997390108523846,0.742836607502306,0.2823831105736198,0.6299507829977629,0.388643701801852,0.8108343199029171,0.7621599149424583,0.0037580990232527257
JM1,0.18,Task.DATA_IMBALANCE,DT,0.59601572220101,0.7375493786223004,0.29223672687330227,0.6430379746835444,0.39470013339368465,0.7973313110083353,0.12452680561691523,0.002071261219680309
JM1,0.18,Task.DATA_IMBALANCE,RF,0.6067983192886013,0.7516031832992129,0.2969865663987966,0.6506329113924052,0.4066939173638045,0.806902721213398,0.5938618544489145,0.0036745143588632345
JM1,0.19,Task.DATA_IMBALANCE,DT,0.5734948358366208,0.7287588831448719,0.28142360932884075,0.6850299401197606,0.3929853319532376,0.7540043397200038,0.1080503735691309,0.002156199561432004
JM1,0.19,Task.DATA_IMBALANCE,RF,0.570773341892951,0.7424344932003875,0.27681675087058355,0.6862275449101796,0.38696376685541506,0.754582916930487,0.9734524160157889,0.004501280374825001
JM1,0.2,Task.DATA_IMBALANCE,DT,0.5759964093743655,0.7168958228559594,0.28485918614458117,0.6884350649350649,0.3999405392478471,0.7520522795008837,0.10926212496124207,0.0020420772954821585
JM1,0.2,Task.DATA_IMBALANCE,RF,0.6070609291803643,0.7262015094814072,0.3136113576698183,0.5747207792207792,0.40144794866026434,0.8126739097004643,0.6174134081229568,0.0035463857464492323
JM1,None,Task.FEATURE_INADEQUACY,DT,0.6192454970363113,0.7474257521942371,0.3535739501413063,0.6540284360189574,0.45413770608105414,0.7843532879915684,3.117746085766703,0.002716044196859002
JM1,None,Task.FEATURE_INADEQUACY,RF,0.6470769318647496,0.7703014174826459,0.38475578727775506,0.6445497630331752,0.4788764219732071,0.815277441756292,0.8616616406012326,0.00374998920597136
JM1,0.0,Task.NOISY_DATA,DT,0.9175075684480465,0.994115142518498,0.878219454963641,0.8096385542168674,0.8410715944512044,0.9939435424448886,0.36095562055706976,0.00340619795024395
JM1,0.0,Task.NOISY_DATA,RF,0.8896924908859505,0.993377521547508,0.8874079162549544,0.7084337349397589,0.7868988596542775,0.9924861221176237,0.5471714637707918,0.00440921881236136
JM1,0.01,Task.NOISY_DATA,DT,0.9169361574824585,0.9909715029144834,0.8835056301722968,0.8019394651777845,0.8399268530317748,0.9939454619331418,0.4177371326368302,0.003318115836009383
JM1,0.01,Task.NOISY_DATA,RF,0.874941309923134,0.9918996812988581,0.8937717537875155,0.6593887746106377,0.7581486605985674,0.9917339592477005,0.6279456930235028,0.004410278983414173
JM1,0.02,Task.NOISY_DATA,DT,0.9264244082751885,0.9964822622846761,0.8839937284998716,0.8373493975903614,0.8582371057809318,0.9946117107694452,0.36984539218246937,0.0033157578203827144
JM1,0.02,Task.NOISY_DATA,RF,0.8943243776272839,0.9955232460043556,0.904867663970224,0.7110490743461652,0.7957797100352881,0.9928690452192797,0.5788123143371194,0.004236939968541265
JM1,0.03,Task.NOISY_DATA,DT,0.9254032483524345,0.9941272400776926,0.8935686770193814,0.823076923076923,0.8559445803255166,0.994861916379352,0.4051213995553553,0.003358557773754001
JM1,0.03,Task.NOISY_DATA,RF,0.8777068961503863,0.9944320250180183,0.925218880355202,0.6512820512820513,0.7628521490800682,0.9925616432207042,0.5614568050485105,0.004280739976093173
JM1,0.04,Task.NOISY_DATA,DT,0.9202732404780596,0.9947389073129413,0.8747401340282949,0.820869847452126,0.8461155481208726,0.9944309328352464,0.4033131606411189,0.003359567979350686
JM1,0.04,Task.NOISY_DATA,RF,0.8813666750410128,0.9935532691217984,0.9074719919456762,0.670042194092827,0.7701299344495129,0.9926034156325126,0.5793323170393705,0.004354368429630995
JM1,0.05,Task.NOISY_DATA,DT,0.9214961053359776,0.994755954722045,0.9118009392811851,0.7931228070175439,0.8480715925292047,0.9949206181427506,0.38063351484015584,0.0035128363873809577
JM1,0.05,Task.NOISY_DATA,RF,0.889970790746915,0.9941747104489828,0.9316744445547691,0.6815438596491228,0.7865235301020131,0.9934180513918166,0.5936310982331634,0.004298770194873213
JM1,0.06,Task.NOISY_DATA,DT,0.9234911857550643,0.9961084069390175,0.9048122208851923,0.8067327409432672,0.8520664951564296,0.9949158763536989,0.34547340758144857,0.003291353350505233
JM1,0.06,Task.NOISY_DATA,RF,0.89681910025822,0.9939112399888685,0.933893338300118,0.702529049897471,0.7999891897263997,0.9936490107900402,0.5688432314433157,0.004280304163694381
JM1,0.07,Task.NOISY_DATA,DT,0.9270306459890483,0.9964992315124303,0.9035445901387931,0.823843021103295,0.8587607588357745,0.9953005331423217,0.37486545578576624,0.0037013251800090074
JM1,0.07,Task.NOISY_DATA,RF,0.8919165260838587,0.9950359262551098,0.9575963718820862,0.6773787486116253,0.7900287256085322,0.9938043265591855,0.5467940981965512,0.004146611364558339
JM1,0.08,Task.NOISY_DATA,DT,0.9223226783498291,0.9958202790980186,0.8978620150700923,0.8096177062374246,0.8493837162773599,0.9952616404222981,0.3782642954029143,0.0035396728198975325
JM1,0.08,Task.NOISY_DATA,RF,0.8976303528623951,0.9951260278772194,0.9415488788423076,0.6988329979879275,0.8010274254671834,0.9942332802576068,0.5392342005856335,0.004100465215742588
JM1,0.09,Task.NOISY_DATA,DT,0.934268055343247,0.9944511776771208,0.9116487455197133,0.8379107981220656,0.872661999428437,0.9958741112580569,0.3618930848315358,0.003408702416345477
JM1,0.09,Task.NOISY_DATA,RF,0.9029742984643127,0.9932048216147666,0.955078431372549,0.7066510172143974,0.8114807717131196,0.9944678252155057,0.5898824606090785,0.004226053785532713
JM1,0.1,Task.NOISY_DATA,DT,0.9404308211623047,0.9970625574883035,0.9105781114818935,0.8601864801864803,0.8843637953704052,0.996497846954204,0.32862393273971974,0.003252361249178648
JM1,0.1,Task.NOISY_DATA,RF,0.9063331529241344,0.9967958062386059,0.9374325754760537,0.7263869463869465,0.8176691372042969,0.994997168643972,0.5275023940484971,0.004136741533875466
JM1,0.0,Task.SEMI_SUPERVISED,DT,0.6082887281895377,0.72388357608258,0.524612886683993,0.2374261237631007,0.3266817282241608,0.8898957281549149,0.22673816797323526,0.0034151523839682342
JM1,0.0,Task.SEMI_SUPERVISED,RF,0.5755575301636451,0.7535821325462283,0.634671592775041,0.15908410352241897,0.25374668952951396,0.8973683707977763,1.1738232435658573,0.006845522625371814
JM1,0.01,Task.SEMI_SUPERVISED,DT,0.6022379350874824,0.7135117271782139,0.500695620888417,0.2332678626485937,0.31766145737593143,0.8868144127990332,0.21512183463200926,0.003619103413075209
JM1,0.01,Task.SEMI_SUPERVISED,RF,0.5723416539955384,0.749461235242116,0.6048832410122732,0.15773829235705886,0.24938181923105773,0.895301488760019,1.180487059848383,0.0068802906200289725
JM1,0.02,Task.SEMI_SUPERVISED,DT,0.6071035707617878,0.7107719518279858,0.5101702711963161,0.24068498438432115,0.32649812461744215,0.8877090169061335,0.19452841677702964,0.0034114143811166285
JM1,0.02,Task.SEMI_SUPERVISED,RF,0.5793693697780269,0.7458556833737147,0.6008624572149162,0.16868325320794,0.26321304973774773,0.895525689818306,1.1582423159852624,0.006949412822723389
JM1,0.03,Task.SEMI_SUPERVISED,DT,0.6043099057860782,0.7120396984864661,0.48695656896342293,0.2426614411045592,0.3235990141294646,0.8850207974426917,0.19785080668516458,0.0034265463706105947
JM1,0.03,Task.SEMI_SUPERVISED,RF,0.5884229017393554,0.745919641429054,0.6133552790965543,0.18199218562730718,0.2802466571435885,0.8965991463351222,1.1570356348063797,0.007228473993018269
JM1,0.04,Task.SEMI_SUPERVISED,DT,0.6073219494476148,0.7062146211299424,0.4776690941562894,0.25322209998777656,0.33096367780254815,0.8836802210926813,0.20763662518002093,0.00354682682082057
JM1,0.04,Task.SEMI_SUPERVISED,RF,0.587305370857151,0.74328960379227,0.5752599380925094,0.18546632441021882,0.28017401294567224,0.8944367287686298,1.1325964792165906,0.0070744354743510485
JM1,0.05,Task.SEMI_SUPERVISED,DT,0.6068249570461967,0.6970716208861658,0.47732464353204024,0.25227192982456137,0.3297182614438882,0.8839316526485049,0.19502663938328624,0.0033913461957126856
JM1,0.05,Task.SEMI_SUPERVISED,RF,0.5903473327467277,0.7371929425204347,0.5757521937151598,0.19070175438596493,0.28601042187288656,0.8946842436205686,1.1283125542569905,0.007146895816549659
JM1,0.06,Task.SEMI_SUPERVISED,DT,0.6063060145167524,0.6891039381922688,0.4639471454278391,0.2572151898734177,0.33070148283919015,0.8819105461943144,0.18184219021350145,0.003527486603707075
JM1,0.06,Task.SEMI_SUPERVISED,RF,0.5949219368606895,0.7347533658576538,0.5742146828272644,0.1989873417721519,0.29510139999923235,0.8947424737221468,1.1029189304448663,0.0071620918344706295
JM1,0.07,Task.SEMI_SUPERVISED,DT,0.6084182424602376,0.6973366589898227,0.45074739748418235,0.27104624458479043,0.33798704434202587,0.8788494405784493,0.16589563922025263,0.003407066408544779
JM1,0.07,Task.SEMI_SUPERVISED,RF,0.6023807881842339,0.7366212227955428,0.5606131635070898,0.21591941124275799,0.3113110295320315,0.8934505468364364,1.1315316434483975,0.007099747285246849
JM1,0.08,Task.SEMI_SUPERVISED,DT,0.6079638043475176,0.6803383997946221,0.44616578857588785,0.2737113402061856,0.3386677761708446,0.8772598325241907,0.1798798948060721,0.0033344839699566363
JM1,0.08,Task.SEMI_SUPERVISED,RF,0.5975326349025621,0.7361045690264761,0.5581070447347043,0.20773195876288658,0.3022052259718605,0.8928600438332636,1.101842309953645,0.0071297531947493555
JM1,0.09,Task.SEMI_SUPERVISED,DT,0.6013219528447011,0.6827924558720806,0.43674694651881846,0.2606723237597911,0.3259801653105182,0.8766637403788842,0.20604861779138445,0.003422450227662921
JM1,0.09,Task.SEMI_SUPERVISED,RF,0.6032380013455534,0.7287715085258931,0.5367304452845404,0.22368363794604001,0.31523387788702845,0.8912421248040779,1.1322349643334746,0.007277440372854471
JM1,0.1,Task.SEMI_SUPERVISED,DT,0.6046869374852355,0.6716720876991664,0.41997069207728127,0.2823996667129566,0.3374656912157008,0.8719081837547697,0.2099153538234532,0.0034367021638900042
JM1,0.1,Task.SEMI_SUPERVISED,RF,0.604746240758389,0.7254707505502574,0.5248812010085484,0.23023330093042632,0.3198241502138092,0.8896683313029685,1.1436828974168747,0.007215513847768307
kc1,0.01,Task.DATA_IMBALANCE,DT,0.4435782041136013,0.7077019647228673,0.00392156862745098,0.2,0.007692307692307693,0.879464100534895,0.07590870400890708,0.0009514401666820049
kc1,0.01,Task.DATA_IMBALANCE,RF,0.3913488742358346,0.7584175506873392,0.0077072261072261075,0.5,0.015117562176385707,0.7675801862952835,0.2537150852847844,0.001874710200354457
kc1,0.02,Task.DATA_IMBALANCE,DT,0.40871783408410434,0.7488397882535099,0.03839736559789418,0.7,0.07120554961262926,0.7462301185555794,0.1572512154467404,0.001358015974983573
kc1,0.02,Task.DATA_IMBALANCE,RF,0.43632904188282107,0.7830853890737137,0.05120332883490778,0.7166666666666666,0.091180508928137,0.7814775748375051,0.3495339947752655,0.0015687332022935152
kc1,0.03,Task.DATA_IMBALANCE,DT,0.45479271103533786,0.8095255581361288,0.06227609453637868,0.72,0.11388735782830776,0.795698064242368,0.11220559608191252,0.0013544884510338306
kc1,0.03,Task.DATA_IMBALANCE,RF,0.47845144585273786,0.8030694871633923,0.07961458831024047,0.6866666666666666,0.13331572518421608,0.8235871665212595,0.2561339653562754,0.0016630337573587894
kc1,0.04,Task.DATA_IMBALANCE,DT,0.4240925281803147,0.731842398468395,0.07736964665384224,0.8321428571428571,0.14070632085492768,0.7074787355057016,0.052488400228321554,0.0010711410082876681
kc1,0.04,Task.DATA_IMBALANCE,RF,0.47480405126702774,0.7599786355443565,0.08740412097322124,0.5607142857142857,0.14335481776497466,0.8062532847690808,0.34842908177524806,0.0019384830258786679
kc1,0.05,Task.DATA_IMBALANCE,DT,0.4300982156938378,0.7400901631340713,0.0842198715085701,0.6833333333333333,0.14284358464077998,0.7173528467468956,0.15432378435507416,0.0014052543323487044
kc1,0.05,Task.DATA_IMBALANCE,RF,0.4162498808616418,0.7552123218881426,0.0876347548398365,0.888888888888889,0.15841335876403978,0.6740864029592437,0.284751533716917,0.001813208358362317
kc1,0.06,Task.DATA_IMBALANCE,DT,0.4525165311926343,0.7634980398422744,0.09773728334371898,0.7290909090909091,0.17153723990566097,0.7334958224796075,0.15828419816680253,0.0014796086121350526
kc1,0.06,Task.DATA_IMBALANCE,RF,0.45035888314111727,0.7591321094949242,0.09433593239229907,0.7309090909090911,0.1670353962927012,0.7336823699895333,0.2926360952667892,0.0017977722454816103
kc1,0.07,Task.DATA_IMBALANCE,DT,0.5187628243997178,0.787119211213744,0.15311712216832699,0.7435897435897436,0.24677715355805246,0.7907484952413831,0.13308149618096649,0.0014693483710289002
kc1,0.07,Task.DATA_IMBALANCE,RF,0.5088635124828572,0.8029383929735445,0.14068022331218505,0.8064102564102564,0.23783621035728625,0.7798908146084285,0.25908420523628595,0.0017296037636697291
kc1,0.08,Task.DATA_IMBALANCE,DT,0.5652818686711727,0.8112328464120567,0.1891081632481107,0.6228571428571429,0.28201685203909677,0.8485468853032488,0.14422512277960778,0.001375152124091983
kc1,0.08,Task.DATA_IMBALANCE,RF,0.5879823751051868,0.809890121386575,0.20660109013593564,0.47523809523809524,0.2798449612403101,0.8961197889700635,0.23877347414381803,0.0017593957949429751
kc1,0.09,Task.DATA_IMBALANCE,DT,0.5140440899901939,0.7662256371225912,0.1700902465259323,0.775,0.273272301322633,0.7548158786577547,0.1707545341923833,0.001573003176599741
kc1,0.09,Task.DATA_IMBALANCE,RF,0.5443254229189719,0.778257995417739,0.1737246772711889,0.6375,0.268692502158096,0.8199583436798481,0.3096744615584612,0.0018452522344887257
kc1,0.1,Task.DATA_IMBALANCE,DT,0.5466220556977044,0.7680327909206491,0.1863669513371166,0.74640522875817,0.2974792091999598,0.7957649021954489,0.09204750736244023,0.0011743633076548576
kc1,0.1,Task.DATA_IMBALANCE,RF,0.522808114230118,0.7764693676939318,0.17008908404257245,0.7333333333333333,0.2736662168241116,0.7719500116361245,0.294352369196713,0.0018802725709974766
kc1,0.11,Task.DATA_IMBALANCE,DT,0.5863843003433977,0.795802209528592,0.23606292856414818,0.7226315789473683,0.35048104324513607,0.8222875574416595,0.14478064659051598,0.001385044027119875
kc1,0.11,Task.DATA_IMBALANCE,RF,0.5662731482585222,0.8223405624254598,0.21978339879347047,0.773157894736842,0.3363427894053427,0.7962035071117017,0.3006085650064051,0.0018846566323190927
kc1,0.12,Task.DATA_IMBALANCE,DT,0.5554368027641441,0.788559258936197,0.21308497142596808,0.7389610389610389,0.32675072056171245,0.7841228849665759,0.16779380114749073,0.0014530885498970747
kc1,0.12,Task.DATA_IMBALANCE,RF,0.6024568427000849,0.8077697828921858,0.2547254417447205,0.7376623376623377,0.3758539807916234,0.8290597046085464,0.25121195944957436,0.0017378258518874646
kc1,0.13,Task.DATA_IMBALANCE,DT,0.6142191988742589,0.7815714496574448,0.2788301255986265,0.6115942028985508,0.3744229253268717,0.8540154724216462,0.21251346063800156,0.0014559962321072817
kc1,0.13,Task.DATA_IMBALANCE,RF,0.6057289062403789,0.8175792013838665,0.2837003058103975,0.7420289855072463,0.39577847398389593,0.8156793384968617,0.2828682935796678,0.001807682029902935
kc1,0.14,Task.DATA_IMBALANCE,DT,0.5713695988596704,0.779450212374197,0.2402072398227834,0.7083333333333333,0.3561653373031156,0.7865738604162252,0.20600693924352526,0.0015048008412122727
kc1,0.14,Task.DATA_IMBALANCE,RF,0.6313991137343273,0.8080901596468102,0.31504452159283647,0.6453333333333334,0.4088743328787746,0.85392389458988,0.28447970654815435,0.0018506921827793122
kc1,0.15,Task.DATA_IMBALANCE,DT,0.6360865815188312,0.8150379995210828,0.30915172013509085,0.6752136752136751,0.4211975916803502,0.850975571357312,0.16733441883698105,0.0015447929967194796
kc1,0.15,Task.DATA_IMBALANCE,RF,0.6194693641210501,0.814391836876301,0.3059974853094567,0.750997150997151,0.42499725914259123,0.8139414690995089,0.22303786133415998,0.001743809599429369
kc1,0.16,Task.DATA_IMBALANCE,DT,0.6067006730858628,0.8002850191698003,0.28541556964290277,0.7529556650246306,0.41150863473444127,0.8018927114372845,0.11623771474696695,0.001390200387686491
kc1,0.16,Task.DATA_IMBALANCE,RF,0.6185835547324509,0.8322190323231993,0.3014696255380303,0.7394088669950738,0.4232565110732759,0.8139105983916257,0.2819222353864461,0.0018591761589050293
kc1,0.17,Task.DATA_IMBALANCE,DT,0.6546655534939814,0.8175928044530749,0.3521635248234931,0.6653763440860214,0.45622237977076685,0.8531087272171959,0.09921236177906394,0.0012080833315849305
kc1,0.17,Task.DATA_IMBALANCE,RF,0.6334688213699816,0.8340384980119238,0.32967731353865204,0.7103225806451613,0.44378282953173487,0.8231548132082281,0.2850631748326123,0.001832730369642377
kc1,0.18,Task.DATA_IMBALANCE,DT,0.5425523771264716,0.7165932380264892,0.26005960630444547,0.7,0.36747511201294747,0.7176296422399958,0.09591362080536783,0.001263565430417657
kc1,0.18,Task.DATA_IMBALANCE,RF,0.5490423343316349,0.7424704585399535,0.2669738934451715,0.69375,0.37475360046655537,0.7233310681967143,0.30724381655454636,0.0019096488133072854
kc1,None,Task.FEATURE_INADEQUACY,DT,0.6702910422851215,0.7895867571896227,0.39529999837707125,0.5628787878787879,0.4628796593732722,0.8777024251969705,0.25541812479496,0.0027921128086745737
kc1,None,Task.FEATURE_INADEQUACY,RF,0.6453697009459227,0.8342868059795748,0.33788214369609715,0.8092803030303031,0.4763757933871447,0.8143636085047007,0.3771136960014701,0.0014148144517093896
kc1,0.0,Task.NOISY_DATA,DT,0.8427086374362611,0.9796503496503497,0.7365442452284559,0.6833846153846153,0.7038034683992132,0.9816138064733092,0.17176278503611683,0.0027822436299175025
kc1,0.0,Task.NOISY_DATA,RF,0.8050335494263049,0.9759180264180264,0.7241926655719759,0.5756923076923076,0.6311261551687084,0.9789409436839014,0.19140142165124416,0.00340704838745296
kc1,0.01,Task.NOISY_DATA,DT,0.8137637587692035,0.9677620537872427,0.7107369101486749,0.6,0.6475735801567003,0.9799539373817068,0.17809953521937133,0.0027472710236907004
kc1,0.01,Task.NOISY_DATA,RF,0.7847285648241747,0.9708363229270031,0.6921642899584076,0.52,0.591710240975039,0.9777468886733107,0.2522519113961607,0.003586368588730693
kc1,0.02,Task.NOISY_DATA,DT,0.8315318468029831,0.9616771620486986,0.7069669460973808,0.6606666666666667,0.6821680846251544,0.9808956089808119,0.19257835680618882,0.0027625808492302895
kc1,0.02,Task.NOISY_DATA,RF,0.8095235870930007,0.9656028547439128,0.7469094304388422,0.5643333333333334,0.6388065283574773,0.9802406458285239,0.23860556879080833,0.003498998610302806
kc1,0.03,Task.NOISY_DATA,DT,0.8442157743632333,0.9665303985473619,0.7661823849979772,0.6666666666666667,0.7071024531024531,0.9813290956240135,0.18667361536063254,0.0028182790149003266
kc1,0.03,Task.NOISY_DATA,RF,0.8141668005457221,0.9662908465234494,0.771323449288182,0.5703703703703703,0.6486627462322054,0.979670854859239,0.2645762708038092,0.0035896746441721914
kc1,0.04,Task.NOISY_DATA,DT,0.8727019908849709,0.968940618191256,0.8257378917378917,0.7098522167487685,0.7613377363377364,0.9840662454322056,0.19709222596138715,0.0028131794184446334
kc1,0.04,Task.NOISY_DATA,RF,0.8478251131683023,0.9658612150838264,0.8354162745467093,0.624384236453202,0.7135340932359566,0.9821161331006479,0.27968307537958026,0.003594544995576143
kc1,0.05,Task.NOISY_DATA,DT,0.8604788038000948,0.9576780907309874,0.7974308300395256,0.6849230769230769,0.7365248226950355,0.984432784905154,0.18824130478315054,0.002781931031495333
kc1,0.05,Task.NOISY_DATA,RF,0.8378211657823489,0.9635310986242978,0.7787987012987013,0.6301538461538463,0.693188898747905,0.9824534328167929,0.27550183995626865,0.0035217467695474623
kc1,0.06,Task.NOISY_DATA,DT,0.8366967036798026,0.9655681519711747,0.7659138755980862,0.6335384615384616,0.691463768115942,0.9819296392436636,0.19153897794894875,0.002776791201904416
kc1,0.06,Task.NOISY_DATA,RF,0.8099764457111538,0.962301992997207,0.7455182072829131,0.5621538461538461,0.6402389813787529,0.9797139100435548,0.2842789412476122,0.0035377243999391793
kc1,0.07,Task.NOISY_DATA,DT,0.807701083596754,0.9399412258606213,0.7205618212197159,0.5743333333333334,0.6354086563432046,0.9799935108503035,0.21893411073833705,0.0028118146117776634
kc1,0.07,Task.NOISY_DATA,RF,0.8206186414450312,0.9504508816120907,0.7412014885699095,0.5976666666666668,0.6602636741095964,0.980973608780466,0.2826343354769051,0.003573626931756735
kc1,0.08,Task.NOISY_DATA,DT,0.8422650704894382,0.9667746697746699,0.7789503548454955,0.6433846153846153,0.7021074953742873,0.9824226456045893,0.19856835673563183,0.002765865018591285
kc1,0.08,Task.NOISY_DATA,RF,0.8269992626891854,0.9671460761460761,0.772409191629477,0.6043076923076923,0.6725414268271411,0.9814570985512298,0.27630981598049403,0.003492992604151368
kc1,0.09,Task.NOISY_DATA,DT,0.8513536535566008,0.9603642314085352,0.7887759583411758,0.6663817663817664,0.7195484746944287,0.9831588324187728,0.2193323101848364,0.0028213229496032
kc1,0.09,Task.NOISY_DATA,RF,0.8411820532382522,0.9621238349086451,0.7840198321891686,0.6356125356125355,0.7002020202020202,0.9821620862744844,0.29320239517837765,0.003596684755757451
kc1,0.1,Task.NOISY_DATA,DT,0.8238395643181164,0.9400434235244362,0.7556136718608115,0.6,0.6672628148615991,0.9804163137746336,0.2019001985900104,0.002898837812244892
kc1,0.1,Task.NOISY_DATA,RF,0.8070985910173597,0.9391953616004249,0.8019169719169719,0.5307692307692309,0.633942898778981,0.9802542832557382,0.27493246127851306,0.0035569350235164165
kc1,0.0,Task.SEMI_SUPERVISED,DT,0.6727457957546643,0.7882836077779898,0.5490049489517574,0.3562703962703963,0.4277153755335574,0.9177762159757712,0.13406381160020828,0.0028467852156609298
kc1,0.0,Task.SEMI_SUPERVISED,RF,0.6245385961951346,0.811621392487222,0.646966122202057,0.22111888111888112,0.3265545727415199,0.9225226196487497,0.3722271349746734,0.003552733547985554
kc1,0.01,Task.SEMI_SUPERVISED,DT,0.693568135155363,0.7869883194491126,0.6034630645349516,0.3770192307692308,0.4637741856942744,0.9233620846164513,0.15063949045725167,0.0028382974211126565
kc1,0.01,Task.SEMI_SUPERVISED,RF,0.6331273712511776,0.8162006632708652,0.6526915113871635,0.23389423076923074,0.34331962870105565,0.9229351138012994,0.35148687893524766,0.0038124809041619303
kc1,0.02,Task.SEMI_SUPERVISED,DT,0.6732392478505758,0.773518077037405,0.546004318639406,0.3572420634920635,0.43031403783072675,0.9161644578704247,0.1649483057204634,0.0028997919987887146
kc1,0.02,Task.SEMI_SUPERVISED,RF,0.6080276235197573,0.8117795844460037,0.5832537481493839,0.20342261904761907,0.29644352426961124,0.9196117227699034,0.3596224925946444,0.0036504282616078854
kc1,0.03,Task.SEMI_SUPERVISED,DT,0.65688100285143,0.7378528444971019,0.5029398518020164,0.33769841269841266,0.40248007360085297,0.9112819321020073,0.17045245063491166,0.0028854135889559984
kc1,0.03,Task.SEMI_SUPERVISED,RF,0.6248105867412406,0.8067072897842642,0.6543467643467643,0.2208829365079365,0.32703806201308405,0.9225831114693973,0.36662005982361734,0.0036588643211871385
kc1,0.04,Task.SEMI_SUPERVISED,DT,0.649614528805816,0.7453260702464861,0.4593136449519427,0.3512896825396825,0.3957987597987598,0.9034302978128725,0.13869200320914388,0.0027980536222457887
kc1,0.04,Task.SEMI_SUPERVISED,RF,0.6316310874955681,0.7982682621618672,0.6067806267806268,0.2435019841269841,0.343684804532321,0.9195773704588153,0.4040615314152092,0.0036948863882571457
kc1,0.05,Task.SEMI_SUPERVISED,DT,0.6748005880767372,0.7537180504702847,0.4948323129692082,0.40076804915514586,0.4414427981198793,0.9081583780335949,0.15893563935533167,0.0028384373988956215
kc1,0.05,Task.SEMI_SUPERVISED,RF,0.6342449314559593,0.8003027004641006,0.5969084542908072,0.25017921146953404,0.3499456676575071,0.9185441952544112,0.4132396782748401,0.0036933844443410636
kc1,0.06,Task.SEMI_SUPERVISED,DT,0.6479658765230047,0.7210214922215996,0.45852778663982585,0.34553146483342145,0.3917706107026965,0.9041611423433131,0.12138577499426902,0.0027512769680470227
kc1,0.06,Task.SEMI_SUPERVISED,RF,0.6064580621109361,0.7917294016432906,0.525001221001221,0.21512427287149655,0.3004112304059068,0.9125048938159654,0.38249044604599475,0.003613410284742713
kc1,0.07,Task.SEMI_SUPERVISED,DT,0.6609184314244384,0.7104868438639904,0.4627818913113031,0.38169398907103824,0.4177763384104546,0.9040605244384221,0.1278502257540822,0.0028162153903394938
kc1,0.07,Task.SEMI_SUPERVISED,RF,0.6241356955530574,0.7881664250484179,0.5804608194532294,0.2333879781420765,0.3301364620034697,0.918134929102645,0.4077222878113389,0.0036734022200107575
kc1,0.08,Task.SEMI_SUPERVISED,DT,0.6595201321289375,0.7090668587305139,0.4617508543265846,0.3785245901639344,0.4150969962965162,0.9039432679613588,0.16238773423247038,0.002877725614234805
kc1,0.08,Task.SEMI_SUPERVISED,RF,0.6103718683489321,0.7781351771218118,0.5475769230769231,0.21256830601092896,0.30451127819548873,0.9162324585023756,0.4096497820224613,0.003673304431140423
kc1,0.09,Task.SEMI_SUPERVISED,DT,0.6669341456840712,0.7112512782955344,0.46296664207760896,0.4076271186440678,0.43130306447088973,0.9025652268972525,0.15075701442547143,0.0028321373742073775
kc1,0.09,Task.SEMI_SUPERVISED,RF,0.6486067476409522,0.7872289664719043,0.599052294129433,0.27610169491525427,0.3768615956817037,0.9203518996002007,0.43308930164203047,0.003782316762953997
kc1,0.1,Task.SEMI_SUPERVISED,DT,0.6412026423955861,0.6918997110256621,0.41893733717263126,0.3551724137931035,0.3836449108712695,0.8987603739199026,0.15726381000131368,0.00273733283393085
kc1,0.1,Task.SEMI_SUPERVISED,RF,0.6466590334268904,0.7766124447789456,0.5732919254658386,0.2793103448275862,0.37392563270841356,0.919392434145367,0.42777753677219155,0.003744282014667988
pc1,0.01,Task.DATA_IMBALANCE,DT,0.5170102396502402,0.9324122479462286,0.04,0.4,0.07272727272727272,0.9612932065732076,0.06137576401233673,0.0009468726813793183
pc1,0.01,Task.DATA_IMBALANCE,RF,0.5188461790034408,0.9051717699775953,0.044372294372294376,0.6,0.08228438228438228,0.9554079757224994,0.13346393201500178,0.0012280491646379232
pc1,0.02,Task.DATA_IMBALANCE,DT,0.49066442132588683,0.8158047050037341,0.027884615384615386,0.3,0.05019607843137255,0.9311327642204011,0.07745598186738789,0.0009508402552455663
pc1,0.02,Task.DATA_IMBALANCE,RF,0.4636155948317196,0.8299897311426438,0.031313131313131314,0.5,0.05794199270827664,0.8692891969551624,0.12068788576871156,0.0011591132264584304
pc1,0.03,Task.DATA_IMBALANCE,DT,0.5975643900844676,0.9264189693801343,0.24088888888888887,0.7333333333333333,0.29930817610062893,0.8958206040683063,0.07667334657162428,0.000988644454628229
pc1,0.03,Task.DATA_IMBALANCE,RF,0.5633821878757977,0.908401792382375,0.1396969696969697,0.8666666666666666,0.235904071773637,0.8908603039779583,0.16687573539093137,0.0014098044484853745
pc1,0.04,Task.DATA_IMBALANCE,DT,0.6186059023931845,0.9349234503360716,0.21961159407967917,0.85,0.33770739064856714,0.8995044141378019,0.0784223719034344,0.0010082864202558995
pc1,0.04,Task.DATA_IMBALANCE,RF,0.6539584011472861,0.9110427557879014,0.244842309393393,0.8,0.36827349121466774,0.9396433110799043,0.18765696422196926,0.0013922682963311672
pc1,0.05,Task.DATA_IMBALANCE,DT,0.5685544648952189,0.862109783420463,0.17682251082251083,0.68,0.26675324675324674,0.8703556830371912,0.08032080251723528,0.0010214426089078187
pc1,0.05,Task.DATA_IMBALANCE,RF,0.5278061837873452,0.8501381628080658,0.12547008547008548,0.68,0.20640692640692643,0.8492054411677639,0.18501923456788064,0.0013816822785884142
pc1,0.06,Task.DATA_IMBALANCE,DT,0.5889622385400295,0.864780931043067,0.18976325234511932,0.6761904761904762,0.2833928676687298,0.8945316094113291,0.09168923324905336,0.001081131212413311
pc1,0.06,Task.DATA_IMBALANCE,RF,0.6030091079646502,0.8478693232334009,0.20143222039773762,0.7761904761904762,0.3180435251023487,0.8879746908269517,0.22423953842371702,0.0014212667476385832
pc1,0.07,Task.DATA_IMBALANCE,DT,0.6702600735497461,0.8684532700309401,0.34978354978354975,0.6714285714285715,0.42080997949418997,0.9197101676053023,0.09051570016890764,0.0010231725871562957
pc1,0.07,Task.DATA_IMBALANCE,RF,0.6134684713811036,0.8596433905899925,0.258455522971652,0.8071428571428572,0.3703961914488231,0.8565407513133841,0.240352026745677,0.001433188607916236
pc1,None,Task.FEATURE_INADEQUACY,DT,0.6397974975562292,0.9125266723567694,0.29840816659480496,0.8464285714285715,0.4058555596151504,0.8737394354973078,2.86196693838574,0.005602321587502956
pc1,None,Task.FEATURE_INADEQUACY,RF,0.6404890080499004,0.9160941000746826,0.26442970822281164,0.8464285714285715,0.3945526695526695,0.8864253465471315,3.1918308183085173,0.005262664007022977
pc1,0.0,Task.NOISY_DATA,DT,0.7922965679227856,0.9835880398671097,0.7357142857142857,0.5190476190476191,0.5952447552447553,0.989348380600816,0.09913492077030242,0.002560900151729584
pc1,0.0,Task.NOISY_DATA,RF,0.5519623011479141,0.9749673926418112,0.16666666666666666,0.09523809523809523,0.12000000000000002,0.9839246022958283,0.12350276904180646,0.0027624312322586777
pc1,0.01,Task.NOISY_DATA,DT,0.7954636008175815,0.9462915670506412,0.7799999999999999,0.5,0.602051282051282,0.9888759195838809,0.1272168121766299,0.00259061842225492
pc1,0.01,Task.NOISY_DATA,RF,0.5588642131407302,0.9274416275964853,0.3,0.08571428571428572,0.13333333333333336,0.984395092948127,0.15946551179513335,0.0031792290043085813
pc1,0.02,Task.NOISY_DATA,DT,0.7606153532393213,0.9087950600801069,0.6495238095238096,0.4607142857142857,0.5351648351648353,0.9860658713138074,0.13193638483062387,0.00261407233774662
pc1,0.02,Task.NOISY_DATA,RF,0.5510291028508773,0.9316421895861147,0.2333333333333333,0.08214285714285714,0.12000000000000002,0.9820582057017546,0.14471017261967062,0.0030020537786185743
pc1,0.03,Task.NOISY_DATA,DT,0.8002611587101441,0.9029372496662216,0.8533333333333333,0.4892857142857142,0.6116550116550117,0.9888673057652765,0.13137374804355204,0.0026557301636785267
pc1,0.03,Task.NOISY_DATA,RF,0.5907075874753143,0.9319259012016019,0.55,0.13571428571428573,0.19797979797979798,0.9834353769708304,0.16326870559714735,0.0031841290183365345
pc1,0.04,Task.NOISY_DATA,DT,0.745898882174201,0.8673549866175245,0.7714285714285715,0.4,0.5066666666666666,0.9851310976817353,0.14300580038689076,0.002633290458470583
pc1,0.04,Task.NOISY_DATA,RF,0.5310375584379065,0.8822243429423896,0.2,0.05,0.08,0.9820751168758128,0.1579999547917396,0.003224013280123472
pc1,0.05,Task.NOISY_DATA,DT,0.7416515659917464,0.9064957928400659,0.6866666666666666,0.4,0.49720279720279714,0.9861003347806957,0.13062781640328466,0.002583332173526287
pc1,0.05,Task.NOISY_DATA,RF,0.5564941825271003,0.9144132486726487,0.4,0.07857142857142857,0.13,0.9829883650542005,0.1650520721450448,0.0032000191975384952
pc1,0.06,Task.NOISY_DATA,DT,0.7196493826618294,0.9221117375767237,0.5866666666666667,0.3833333333333333,0.45556208497384965,0.9837366803498091,0.13553507556207478,0.0026164806447923185
pc1,0.06,Task.NOISY_DATA,RF,0.5309679876604937,0.9209745318571173,0.26666666666666666,0.05,0.0808080808080808,0.9811278945129066,0.1718155935406685,0.0030701661482453345
pc1,0.07,Task.NOISY_DATA,DT,0.6857940325730214,0.9007003861173268,0.5666666666666667,0.3,0.3887445887445887,0.982843476401454,0.14026715173386037,0.002623986452817917
pc1,0.07,Task.NOISY_DATA,RF,0.5737110951880421,0.9085231012241675,0.5,0.1,0.16444444444444445,0.9829777459316397,0.16597059238702058,0.003123450605198741
pc1,0.08,Task.NOISY_DATA,DT,0.7098569921635385,0.8978544771571624,0.5642857142857143,0.37222222222222223,0.4359816653934301,0.9837323189336468,0.14546645996160806,0.0025921599939465524
pc1,0.08,Task.NOISY_DATA,RF,0.5840381912030346,0.902752304759676,0.4666666666666666,0.11666666666666665,0.18606060606060604,0.9820157763454631,0.1871936718467623,0.003169272793456912
pc1,0.09,Task.NOISY_DATA,DT,0.7104357378022296,0.9022696929238986,0.6866666666666666,0.33214285714285713,0.43568431568431565,0.9851871599201434,0.137702013598755,0.002685500681400299
pc1,0.09,Task.NOISY_DATA,RF,0.5737110951880421,0.9108311081441922,0.4333333333333333,0.10714285714285714,0.16444444444444445,0.9829777459316397,0.16995099117048085,0.003282555239275098
pc1,0.1,Task.NOISY_DATA,DT,0.7029186027504494,0.8894195361256869,0.73,0.31071428571428567,0.42063714063714064,0.9852000648637581,0.1363893695641309,0.002581707760691643
pc1,0.1,Task.NOISY_DATA,RF,0.5365026381141293,0.8906188871984352,0.3,0.05357142857142857,0.09,0.9830052762282587,0.17049857154488562,0.0031975950114428997
pc1,0.0,Task.SEMI_SUPERVISED,DT,0.6704152978899367,0.8415649770179634,0.5422510822510823,0.2975,0.3771199171199171,0.9637106786599565,0.12553631435148419,0.002599062630906701
pc1,0.0,Task.SEMI_SUPERVISED,RF,0.4932810446072101,0.8665368748338883,0.1,0.013333333333333332,0.023529411764705882,0.9630326774497144,0.2298276278190315,0.0031395499594509602
pc1,0.01,Task.SEMI_SUPERVISED,DT,0.685063643557341,0.820576378925554,0.5229365079365079,0.3491666666666666,0.4079688053881602,0.962158481726522,0.13993575107306241,0.002815639553591609
pc1,0.01,Task.SEMI_SUPERVISED,RF,0.5393189328658469,0.8528018093416229,0.6333333333333333,0.06416666666666666,0.11416408668730652,0.9644737790443875,0.2138980689458549,0.0031474357936531307
pc1,0.02,Task.SEMI_SUPERVISED,DT,0.6666801465445824,0.7944528138158644,0.4372960372960373,0.33,0.3740318302387268,0.9593284628504379,0.1277800633572042,0.0027048689778894188
pc1,0.02,Task.SEMI_SUPERVISED,RF,0.5305929829561478,0.8407944061031719,0.6,0.05333333333333333,0.09705882352941177,0.9641271423828837,0.2205518745351583,0.0033157505095005035
pc1,0.03,Task.SEMI_SUPERVISED,DT,0.685482396691478,0.8043000000000001,0.49922459893048127,0.3566666666666667,0.41013885792146654,0.9608259354614894,0.12577149579301478,0.0026606828439980747
pc1,0.03,Task.SEMI_SUPERVISED,RF,0.5936222845071788,0.844625,0.7666666666666666,0.1325,0.2211902304781562,0.9660543385362013,0.2137943085283041,0.0031751281581819057
pc1,0.04,Task.SEMI_SUPERVISED,DT,0.6128645556898054,0.730550443414765,0.3514285714285714,0.24095238095238095,0.27067195341980194,0.9550571579598088,0.1368682927917689,0.0026408727280795574
pc1,0.04,Task.SEMI_SUPERVISED,RF,0.5744405991612564,0.8029620928113392,0.39,0.12,0.1831578947368421,0.9657233035856707,0.2194860122166574,0.003177402215078473
pc1,0.05,Task.SEMI_SUPERVISED,DT,0.6426807794703194,0.7597290504309047,0.38863636363636367,0.3019047619047619,0.33325537231384306,0.9521061866267958,0.1260010063648224,0.002711452962830663
pc1,0.05,Task.SEMI_SUPERVISED,RF,0.5732424215216305,0.8174047051743104,0.38571428571428573,0.12190476190476192,0.18320042530568847,0.9632844177375726,0.24963145959191024,0.0031361278146505357
pc1,0.06,Task.SEMI_SUPERVISED,DT,0.6434908649142053,0.7403902798232695,0.35606837606837605,0.32,0.33429267029267035,0.9526890595357402,0.1314943792298436,0.0026732449885457756
pc1,0.06,Task.SEMI_SUPERVISED,RF,0.6032474203874074,0.7912886597938144,0.6133333333333333,0.15523809523809523,0.24058823529411769,0.9659066054806973,0.25635298090055586,0.0033717389684170484
pc1,0.07,Task.SEMI_SUPERVISED,DT,0.6476780099107324,0.7544419642857143,0.3638402518197915,0.35238095238095235,0.3467224042224042,0.9486336155990607,0.12597334063611926,0.0026538425125181677
pc1,0.07,Task.SEMI_SUPERVISED,RF,0.566831598991371,0.8133209325396825,0.4333333333333333,0.11142857142857143,0.17067226890756304,0.962990929075179,0.2863831940107048,0.0034131167456507685
pc1,0.08,Task.SEMI_SUPERVISED,DT,0.6416278193732767,0.7486675020885547,0.3415678524374176,0.33809523809523806,0.33399306999306994,0.9492625687534832,0.11684849341399968,0.002616680320352316
pc1,0.08,Task.SEMI_SUPERVISED,RF,0.6193295374043706,0.8255448807203193,0.625,0.18476190476190474,0.27307283359914936,0.9655862412095917,0.24726851303130387,0.0034143670462071897
pc1,0.09,Task.SEMI_SUPERVISED,DT,0.6350541626945505,0.7544117647058822,0.2976979882862236,0.37142857142857144,0.3283037590267846,0.9418045663623167,0.1240366693586111,0.0027298472356051206
pc1,0.09,Task.SEMI_SUPERVISED,RF,0.6312987856367355,0.807166019212327,0.7633333333333333,0.1857142857142857,0.29471964224286207,0.9678779290306088,0.2797311503905803,0.003337906859815121
pc1,0.1,Task.SEMI_SUPERVISED,DT,0.6281059908346875,0.7402717233362395,0.2857142857142857,0.35714285714285715,0.31500000000000006,0.9412119816693754,0.13890354055911303,0.002703988831490278
pc1,0.1,Task.SEMI_SUPERVISED,RF,0.6259130518742568,0.792741935483871,0.719047619047619,0.19999999999999998,0.28653679653679653,0.9652893072117171,0.2959476919844747,0.0034671596717089415
bank-marketing/bank-marketing-full,0.01,Task.DATA_IMBALANCE,DT,0.481425302232471,0.8914877004807484,0.04164110291849345,0.8189743589743589,0.07891942182687643,0.8839311826380655,0.5355647090822458,0.0032198694068938495
bank-marketing/bank-marketing-full,0.01,Task.DATA_IMBALANCE,RF,0.49666080400198354,0.9025316976012169,0.04611945965143213,0.7888461538461539,0.08695005382532622,0.906371554178641,0.6946766178589314,0.006541135627776385
bank-marketing/bank-marketing-full,0.02,Task.DATA_IMBALANCE,DT,0.532421073762432,0.9196748439468342,0.09112044362830896,0.8568987341772152,0.16420036131656096,0.9006417862083032,0.3438259950373322,0.003190190624445677
bank-marketing/bank-marketing-full,0.02,Task.DATA_IMBALANCE,RF,0.5297962692888134,0.9312460853932614,0.08982836265583864,0.8868037974683546,0.16262526791565426,0.8969672706619723,0.7931533803697676,0.00712197800166905
bank-marketing/bank-marketing-full,0.03,Task.DATA_IMBALANCE,DT,0.5698899684167478,0.9229235856901535,0.13547998006223957,0.8696218487394958,0.23398914921818553,0.9057907876153098,0.376034047966823,0.0032131430227309464
bank-marketing/bank-marketing-full,0.03,Task.DATA_IMBALANCE,RF,0.5506159248159995,0.9245655644539283,0.1207992814558235,0.9012464985994398,0.2128284613576447,0.8884033882743545,1.040394239127636,0.007788897026330233
bank-marketing/bank-marketing-full,0.04,Task.DATA_IMBALANCE,DT,0.5972323095090655,0.9221357564188131,0.1740111136168573,0.8784905660377358,0.28982833807478986,0.9046362809433409,0.1836761509999633,0.002967393957078457
bank-marketing/bank-marketing-full,0.04,Task.DATA_IMBALANCE,RF,0.6064215715080339,0.9223649786176267,0.18315363493246542,0.8509591194968553,0.3004132898917457,0.9124298531243221,0.9815217739902437,0.007928625401109456
bank-marketing/bank-marketing-full,0.05,Task.DATA_IMBALANCE,DT,0.6116687281157078,0.9227922140081105,0.20136828452556865,0.8787738693467337,0.32565775600303754,0.8976797002283782,0.23090759464539587,0.0029952779412269594
bank-marketing/bank-marketing-full,0.05,Task.DATA_IMBALANCE,RF,0.6103715838361808,0.9242704535462967,0.19823046288168514,0.8948040201005025,0.3240601627563657,0.896683004915996,1.344800151977688,0.009069852763786912
bank-marketing/bank-marketing-full,0.06,Task.DATA_IMBALANCE,DT,0.6438442583661554,0.9295193145493282,0.24401364592162428,0.8865167364016736,0.3819793156373706,0.9057092010949406,0.21102964961901308,0.0030751744285225867
bank-marketing/bank-marketing-full,0.06,Task.DATA_IMBALANCE,RF,0.640989276417438,0.9301032980889262,0.24025008468829082,0.8814644351464436,0.3772468797575311,0.9047316730773451,1.3015111641492694,0.010417718533426523
bank-marketing/bank-marketing-full,0.07,Task.DATA_IMBALANCE,DT,0.6638491891380637,0.931435148683946,0.27892285674854256,0.8849257552483358,0.4218976735540152,0.9058007047221122,0.19845694922842086,0.0030993062537163496
bank-marketing/bank-marketing-full,0.07,Task.DATA_IMBALANCE,RF,0.6499982630140723,0.9296303038378987,0.26070978825451424,0.9063568868407579,0.40412005691619723,0.8958764691119475,1.3261001421604306,0.010940357577055693
bank-marketing/bank-marketing-full,0.08,Task.DATA_IMBALANCE,DT,0.6788924321237568,0.9312591988347609,0.3036571890944727,0.8911128526645766,0.45223774393964444,0.9055471203078692,0.18791175158694387,0.002925987634807825
bank-marketing/bank-marketing-full,0.08,Task.DATA_IMBALANCE,RF,0.6695099528416449,0.9296444271241151,0.2918989796487658,0.89298197492163,0.4393017303357549,0.899718175347535,1.0289598172530532,0.011107038194313645
bank-marketing/bank-marketing-full,0.09,Task.DATA_IMBALANCE,DT,0.6997261404350862,0.9306533335716425,0.33806807797375515,0.8887171154441349,0.4896173489762835,0.909834931893889,0.18827658789232374,0.0026565378066152334
bank-marketing/bank-marketing-full,0.09,Task.DATA_IMBALANCE,RF,0.6909546582211556,0.9276706993574315,0.32753258546840824,0.8848251315382235,0.47718391163618656,0.9047254048061246,0.9186045155860484,0.010294687887653708
bank-marketing/bank-marketing-full,0.1,Task.DATA_IMBALANCE,DT,0.7070184985731567,0.9319205500160738,0.3550743597770783,0.8973483709273182,0.5083853760991714,0.9056516210471417,0.22327482216060163,0.0027930285781621934
bank-marketing/bank-marketing-full,0.1,Task.DATA_IMBALANCE,RF,0.7010970009483442,0.9300702235738223,0.3475048909101073,0.8933558897243108,0.49977350784120544,0.902420494055483,0.920567445969209,0.010551053285598754
bank-marketing/bank-marketing-full,0.11,Task.DATA_IMBALANCE,DT,0.7190950264561425,0.9327590330906232,0.37800237782464446,0.9048322634085733,0.5329450173904714,0.9052450355218136,0.18498641145415604,0.0028557507321238518
bank-marketing/bank-marketing-full,0.11,Task.DATA_IMBALANCE,RF,0.718784496478834,0.9322834356119072,0.3800893734453566,0.8952826672188859,0.532260190048481,0.9053088029091871,1.0282526574097575,0.010611043823882938
bank-marketing/bank-marketing-full,0.12,Task.DATA_IMBALANCE,DT,0.7291972959445662,0.9329932542426779,0.40069256340197884,0.8922755741127348,0.5524596855387225,0.9059349063504099,0.23773268521763385,0.0029605310410261154
bank-marketing/bank-marketing-full,0.12,Task.DATA_IMBALANCE,RF,0.7251894421784241,0.9310628166651831,0.39534548296060285,0.8926931106471816,0.5470954180492693,0.9032834663075787,1.2877511444035918,0.011184256011620163
bank-marketing/bank-marketing-full,0.13,Task.DATA_IMBALANCE,DT,0.4110370079845701,0.6392269041453368,0.17285634926508261,0.839977384486055,0.28221709388871685,0.5398569220804236,0.19553476213477552,0.003052789578214288
bank-marketing/bank-marketing-full,0.13,Task.DATA_IMBALANCE,RF,0.5272305205046737,0.6843268267254646,0.21985393035273532,0.7105013353568268,0.322962636854093,0.7314984041552544,1.3201955676544457,0.010953301005065441
bank-marketing/bank-marketing-full,None,Task.FEATURE_INADEQUACY,DT,0.7419230061720347,0.936188972832797,0.4241857206719831,0.9141469038208168,0.5792363817606234,0.904609630583446,1.1567146415822207,0.004547018790617585
bank-marketing/bank-marketing-full,None,Task.FEATURE_INADEQUACY,RF,0.7300832586154002,0.9352685758608672,0.4076331081404264,0.912996935326803,0.5629591710937215,0.8972073461370789,1.4371907132212072,0.008249724004417657
bank-marketing/bank-marketing-full,0.0,Task.NOISY_DATA,DT,0.9834895845580578,0.9996268600139638,0.9669651709549314,0.971273680233639,0.9690942564992617,0.9978849126168537,0.27892010416835544,0.0063945220317691565
bank-marketing/bank-marketing-full,0.0,Task.NOISY_DATA,RF,0.9640181821534408,0.9989988213652679,0.9680354710279044,0.8996221957026261,0.9324675063247284,0.9955688579821537,1.2469530521892012,0.010775162233039736
bank-marketing/bank-marketing-full,0.01,Task.NOISY_DATA,DT,0.9816666124111624,0.9994206404869377,0.967011183637067,0.9641952983725137,0.965571061981285,0.9977621628410397,0.6594982333481312,0.006940670637413859
bank-marketing/bank-marketing-full,0.01,Task.NOISY_DATA,RF,0.9629360870632244,0.9987501229816388,0.9716727165963807,0.8924032773088442,0.9303445141302644,0.9955276599961843,3.0301461634226143,0.010868505062535404
bank-marketing/bank-marketing-full,0.02,Task.NOISY_DATA,DT,0.9856080313133099,0.9996969835396028,0.9729708580089815,0.9725571725571726,0.9727461697685292,0.9984698928580904,0.876196206593886,0.0065933070611208676
bank-marketing/bank-marketing-full,0.02,Task.NOISY_DATA,RF,0.9662314098531912,0.9993250475873019,0.9705758860046856,0.903950103950104,0.9359249336605643,0.9965378860458183,2.804345568595454,0.010470442939549685
bank-marketing/bank-marketing-full,0.03,Task.NOISY_DATA,DT,0.9832311150326805,0.9997327006028067,0.9697558257521444,0.9665137614678899,0.9680772346796129,0.9983849953857475,0.5674904480110854,0.006574380910024047
bank-marketing/bank-marketing-full,0.03,Task.NOISY_DATA,RF,0.9685825981318732,0.9993647688839653,0.9700004714189859,0.9119500554938957,0.9400272082154425,0.9971379880483038,2.7336535288020967,0.01048749522306025
bank-marketing/bank-marketing-full,0.04,Task.NOISY_DATA,DT,0.9788341214932942,0.9995497862412541,0.9572348135299935,0.9617251377609213,0.9594581113710735,0.9982101316155152,0.5781554960180074,0.006554102385416627
bank-marketing/bank-marketing-full,0.04,Task.NOISY_DATA,RF,0.9601068163940161,0.9990854357269239,0.9729203380688356,0.8790075998586072,0.9232966959610263,0.9969169368270061,2.6488731235731393,0.010204285569489002
bank-marketing/bank-marketing-full,0.05,Task.NOISY_DATA,DT,0.9755144441069407,0.9995656626291716,0.953122515924095,0.953108681462141,0.9531077955916315,0.9979210926222496,0.5622091294266284,0.006721979938447475
bank-marketing/bank-marketing-full,0.05,Task.NOISY_DATA,RF,0.9511567560998598,0.9984935694603211,0.9594047856343272,0.8578461538461539,0.9056335345829316,0.9966799776167881,2.552317544352263,0.009940240764990449
bank-marketing/bank-marketing-full,0.06,Task.NOISY_DATA,DT,0.96774412309555,0.9995449922570623,0.9432986861521522,0.9314871108949416,0.9373091153969397,0.9981791307941602,0.5642787730321288,0.006759701995179057
bank-marketing/bank-marketing-full,0.06,Task.NOISY_DATA,RF,0.9470267185342711,0.9989264706114012,0.9568981928274349,0.8453237410071942,0.8971052829732947,0.9969481540952476,2.675949986418709,0.009925776673480869
bank-marketing/bank-marketing-full,0.07,Task.NOISY_DATA,DT,0.974749098845324,0.999686480043945,0.9474908350779065,0.9544051767048283,0.9508738365948328,0.9986243610958153,0.5405920061282814,0.0064621683675795795
bank-marketing/bank-marketing-full,0.07,Task.NOISY_DATA,RF,0.9635113143677184,0.9994658259334234,0.9552509069537765,0.9042365292573722,0.9290239416036343,0.9979986871318024,2.482858345191926,0.009759318316355348
bank-marketing/bank-marketing-full,0.08,Task.NOISY_DATA,DT,0.9721475386780736,0.9996600320191489,0.950482880945648,0.9416076367806786,0.9457836242839279,0.9985114530722189,0.5682783358264715,0.006790195824578404
bank-marketing/bank-marketing-full,0.08,Task.NOISY_DATA,RF,0.9604404595813527,0.999258864425476,0.9481384832317191,0.8996743185986216,0.9230177894982419,0.9978631296644636,2.192059423169121,0.00901816044934094
bank-marketing/bank-marketing-full,0.09,Task.NOISY_DATA,DT,0.9731857403285415,0.9997537538019708,0.9449408018528237,0.9509197786998618,0.9478031737004535,0.9985683069566298,0.5354299898259341,0.007385006826370955
bank-marketing/bank-marketing-full,0.09,Task.NOISY_DATA,RF,0.9547707575125939,0.9994009127650934,0.9442551274424271,0.8825318455613707,0.9119268751896022,0.9976146398355855,2.3484211062081157,0.008857495570555329
bank-marketing/bank-marketing-full,0.1,Task.NOISY_DATA,DT,0.9734240084030267,0.9997280076351597,0.9531846076166491,0.943303241083321,0.9482100241919452,0.9986379926141081,0.5781776822172106,0.006574512971565127
bank-marketing/bank-marketing-full,0.1,Task.NOISY_DATA,RF,0.9538692109547968,0.9984297486586012,0.9438532049283754,0.8790935621110367,0.9100875194599316,0.997650902449662,2.223812218243256,0.008920953795313834
bank-marketing/bank-marketing-full,0.0,Task.SEMI_SUPERVISED,DT,0.754306825635086,0.9323907106827892,0.632626280151302,0.5027448658953811,0.5602026046999166,0.9484110465702553,0.2324332172051072,0.006429552240297199
bank-marketing/bank-marketing-full,0.0,Task.SEMI_SUPERVISED,RF,0.695801540941975,0.9330323903192983,0.685166332972676,0.3289854476324011,0.4442849162643171,0.947318165619633,1.2209305205848069,0.013955585425719619
bank-marketing/bank-marketing-full,0.01,Task.SEMI_SUPERVISED,DT,0.7517180407317159,0.9294476940003074,0.6256960731483099,0.49961960805880956,0.5555429615638345,0.9478931198995972,0.21413569995202125,0.006275431951507926
bank-marketing/bank-marketing-full,0.01,Task.SEMI_SUPERVISED,RF,0.7051825978485557,0.9323132490148943,0.6799339436037607,0.35049716768410055,0.46252256557988825,0.9478426301172235,1.2956026992760599,0.014090579841285944
bank-marketing/bank-marketing-full,0.02,Task.SEMI_SUPERVISED,DT,0.7518210779731633,0.9248652737689051,0.6229502960287124,0.5026099939311125,0.5560710119119086,0.9475711440344179,0.19014063561335207,0.006320045981556177
bank-marketing/bank-marketing-full,0.02,Task.SEMI_SUPERVISED,RF,0.713448904507878,0.9320818770425546,0.6865771772958296,0.36711314565702224,0.4783223768595966,0.9485754321561594,1.3317951212637127,0.014401753805577755
bank-marketing/bank-marketing-full,0.03,Task.SEMI_SUPERVISED,DT,0.7508697961814212,0.9235313832831238,0.6257564062369452,0.4974609423287216,0.5540029764412179,0.9477366159216247,0.2014440673869103,0.0065081473905593155
bank-marketing/bank-marketing-full,0.03,Task.SEMI_SUPERVISED,RF,0.7175516219585442,0.9309793309933623,0.6827054150614084,0.37811572291161505,0.48642024569609654,0.9486829982209919,1.308582432800904,0.014369043335318566
bank-marketing/bank-marketing-full,0.04,Task.SEMI_SUPERVISED,DT,0.755161497516796,0.922107929391349,0.6230075054629493,0.5127128574343428,0.5624904385121827,0.9478325565214091,0.22936231857165695,0.006251249602064491
bank-marketing/bank-marketing-full,0.04,Task.SEMI_SUPERVISED,RF,0.7227377870703369,0.9300002977215043,0.6706921890384242,0.3948315698448325,0.49698572134792435,0.9484898527927494,1.3117566978558899,0.014335457189008593
bank-marketing/bank-marketing-full,0.05,Task.SEMI_SUPERVISED,DT,0.7580309552130324,0.9194545841480725,0.6192732749532845,0.5252072467855398,0.5682878919659616,0.9477740184601032,0.23441225639544427,0.0062202814035117624
bank-marketing/bank-marketing-full,0.05,Task.SEMI_SUPERVISED,RF,0.7296257855067954,0.9291838486191457,0.6699494524170583,0.41219270475426306,0.5102564394199623,0.9489951315936282,1.326418120134622,0.014440140128135681
bank-marketing/bank-marketing-full,0.06,Task.SEMI_SUPERVISED,DT,0.7588731796464361,0.916647808124291,0.6179125182810059,0.5288110631083331,0.5698485799204082,0.9478977793724642,0.21075627179816364,0.006196221429854631
bank-marketing/bank-marketing-full,0.06,Task.SEMI_SUPERVISED,RF,0.7316557883063386,0.930118183239772,0.6606648450155312,0.4214682722063915,0.514474425693994,0.948837150918683,1.3654559931717813,0.01453903503715992
bank-marketing/bank-marketing-full,0.07,Task.SEMI_SUPERVISED,DT,0.7590261638716843,0.9172405261321487,0.605478723636619,0.5409601634320735,0.571165648245201,0.9468866794981675,0.23999362639151514,0.006375495018437505
bank-marketing/bank-marketing-full,0.07,Task.SEMI_SUPERVISED,RF,0.7364987550812659,0.9296126284046433,0.6533103006510457,0.43799795709908074,0.5242253120613181,0.9487721981012138,1.3442402395419777,0.014714818401262163
bank-marketing/bank-marketing-full,0.08,Task.SEMI_SUPERVISED,DT,0.7577037961504527,0.9131725300029767,0.6035483169823006,0.5379687849095145,0.5687974230843067,0.9466101692165989,0.22072338541038333,0.006195921543985605
bank-marketing/bank-marketing-full,0.08,Task.SEMI_SUPERVISED,RF,0.7378483023723409,0.9277126056119762,0.6456393661096487,0.4459353356100986,0.5273571592362,0.948339445508482,1.4553046576678752,0.01509624980390072
bank-marketing/bank-marketing-full,0.09,Task.SEMI_SUPERVISED,DT,0.7591158638210462,0.9082352510691131,0.5992505571327393,0.5477268351357841,0.5721355661364207,0.9460961615056718,0.24960317467339338,0.006322992034256458
bank-marketing/bank-marketing-full,0.09,Task.SEMI_SUPERVISED,RF,0.7447564046138494,0.9257358735424427,0.646082410704217,0.4651711985739041,0.5408290060992044,0.9486838031284943,1.6746327044442295,0.015243440447375179
bank-marketing/bank-marketing-full,0.1,Task.SEMI_SUPERVISED,DT,0.7592073693390325,0.9064612556858176,0.5937204250281791,0.5530945593699739,0.5726723053906133,0.9457424332874519,0.2355099611915648,0.006111822836101055
bank-marketing/bank-marketing-full,0.1,Task.SEMI_SUPERVISED,RF,0.7448941456298728,0.9263336887008619,0.6343281092668358,0.4728157062836226,0.5417200674856316,0.9480682237741143,1.6834148857276887,0.015159559994935989
madelon,0.5,Task.DATA_IMBALANCE,DT,0.732943811925928,0.8284260355029586,0.6241826161902888,0.7353846153846153,0.6677140949259255,0.7981735289259302,0.6726970590185374,0.001843226607888937
madelon,0.5,Task.DATA_IMBALANCE,RF,0.6706081001560602,0.7581538461538461,0.555110286538858,0.6399999999999999,0.5843001370779521,0.7569160632341684,2.6732907846570013,0.00405458603054285
madelon,0.25,Task.DATA_IMBALANCE,DT,0.6650692601672683,0.8,0.41428602111831925,0.709090909090909,0.5192267358895337,0.8109117844450026,0.5381757752038538,0.0020197855308651926
madelon,0.25,Task.DATA_IMBALANCE,RF,0.6101015406445017,0.7511888111888111,0.3792823651396756,0.6787878787878788,0.46936875405243883,0.7508343272365647,2.5790032819379123,0.0042944252490997314
madelon,0.01,Task.DATA_IMBALANCE,DT,0.3889124520727109,0.4438461538461539,0.006700027800945233,0.4,0.013177356460938552,0.7646475476844834,0.17886699764057995,0.0017237442079931498
madelon,0.01,Task.DATA_IMBALANCE,RF,0.46042661560171255,0.67,0.008,0.2,0.015384615384615385,0.9054686158188098,1.0161218329332768,0.00240947101265192
madelon,0.02,Task.DATA_IMBALANCE,DT,0.40730127744743694,0.6779487179487179,0.03855486618644514,0.6,0.07193905224302874,0.742663502651845,0.16247942671179771,0.0015198709908872843
madelon,0.02,Task.DATA_IMBALANCE,RF,0.36024563152660083,0.7184615384615384,0.04116893729855762,0.8666666666666666,0.0782086586515264,0.6422826044016752,0.9201813766267151,0.0022174319252371787
madelon,0.03,Task.DATA_IMBALANCE,DT,0.4151962561496393,0.6096153846153846,0.056544883904665035,0.75,0.10445785933409406,0.7259346529651844,0.1670647446066141,0.0015308930072933436
madelon,0.03,Task.DATA_IMBALANCE,RF,0.4557116080046759,0.7688461538461537,0.061258410620112745,0.65,0.11111679454390452,0.8003064214654474,0.9476207305677236,0.0023051621858030556
madelon,0.04,Task.DATA_IMBALANCE,DT,0.3918680307850349,0.6452820512820513,0.05343767343767344,0.6066666666666667,0.09745304588497747,0.6862830156850924,0.19512763624079527,0.0015765255782753229
madelon,0.04,Task.DATA_IMBALANCE,RF,0.46646691329917384,0.6183589743589744,0.0706591687526525,0.5266666666666667,0.12207541421195556,0.8108584123863922,1.0922544770408422,0.0029514509253203867
madelon,0.05,Task.DATA_IMBALANCE,DT,0.4699572035546872,0.5962637362637363,0.07536202488482446,0.4,0.12367201426024957,0.8162423928491249,0.2533975016791373,0.001955461222678423
madelon,0.05,Task.DATA_IMBALANCE,RF,0.5053143989135299,0.6131868131868131,0.09823485693050911,0.42857142857142855,0.15586038018938694,0.8547684176376729,0.46912916521541775,0.0021424320060759784
madelon,0.06,Task.DATA_IMBALANCE,DT,0.40807131924809437,0.7028846153846153,0.0936827393431167,0.775,0.16564993244998247,0.6504927060462062,0.4273529161699116,0.001512997318059206
madelon,0.06,Task.DATA_IMBALANCE,RF,0.47586280866001635,0.6640384615384616,0.10071418977004083,0.525,0.16486400392060768,0.786861613399425,0.5808647043537348,0.0020752315875142814
madelon,0.07,Task.DATA_IMBALANCE,DT,0.47675597195833336,0.6488547008547008,0.10763584942533397,0.5866666666666667,0.18167676849855594,0.7718351754181108,0.42347387778572737,0.0015007812529802323
madelon,0.07,Task.DATA_IMBALANCE,RF,0.5465302492920665,0.654017094017094,0.14075261683620816,0.3688888888888889,0.1998449612403101,0.893215537343823,1.1657683356199413,0.003178727999329567
madelon,0.08,Task.DATA_IMBALANCE,DT,0.4935787595698726,0.6958041958041957,0.1347579297706632,0.5690909090909091,0.21328875222321503,0.7738687669165302,0.36556271822191777,0.001882370887324214
madelon,0.08,Task.DATA_IMBALANCE,RF,0.4608055198535469,0.6746293706293706,0.12344560426385427,0.5981818181818181,0.1890682957644281,0.7325427439426658,1.3977101809345185,0.002848251024261117
madelon,0.09,Task.DATA_IMBALANCE,DT,0.5650075717343638,0.6992307692307692,0.2210421182370692,0.45,0.2735330612041095,0.856482082264618,0.4837381487712264,0.002964447997510433
madelon,0.09,Task.DATA_IMBALANCE,RF,0.4863070628511677,0.6855128205128205,0.13910962999198295,0.6666666666666666,0.2266003824210096,0.7460137432813256,2.678455559723079,0.003197262529283762
madelon,0.1,Task.DATA_IMBALANCE,DT,0.549068514551798,0.7209467455621301,0.19883189984302216,0.6153846153846153,0.2906664183274353,0.8074706107761604,0.5154164501931519,0.0019968211650848388
madelon,0.1,Task.DATA_IMBALANCE,RF,0.5280263903088851,0.7100591715976331,0.17772893772893772,0.4461538461538462,0.2373504802076231,0.8187023004101472,0.7944051110185683,0.002120157377794385
madelon,0.11,Task.DATA_IMBALANCE,DT,0.5014428348078612,0.7344175824175825,0.189028313012791,0.6542857142857144,0.2800233408987773,0.7228623287169453,0.7723714500200003,0.0024269475601613522
madelon,0.11,Task.DATA_IMBALANCE,RF,0.5925358635440482,0.7113479853479852,0.24515646058867008,0.5771428571428572,0.33376834783393416,0.8513033792541622,2.5452216083183883,0.003204290894791484
madelon,0.12,Task.DATA_IMBALANCE,DT,0.5871199454011766,0.7252884615384615,0.24683143527681345,0.425,0.29876888961794623,0.8754710011844071,0.43761533019132914,0.0021257937885820867
madelon,0.12,Task.DATA_IMBALANCE,RF,0.5730007028442996,0.6959615384615384,0.2182634879245049,0.5625,0.31106462505950994,0.8349367806290893,1.1614825937896966,0.002296440163627267
madelon,0.13,Task.DATA_IMBALANCE,DT,0.5521976219249438,0.6652488687782806,0.2071212135844008,0.5294117647058824,0.2952776630680589,0.809117580781829,0.46597957774065435,0.0033080135472118855
madelon,0.13,Task.DATA_IMBALANCE,RF,0.5114271728632465,0.6218099547511312,0.17711641222168611,0.5647058823529412,0.26517721549300494,0.7576771302334877,1.0036476077977567,0.002314720256254077
madelon,0.14,Task.DATA_IMBALANCE,DT,0.5616709918157181,0.7241160593792173,0.24054144594745264,0.5982456140350878,0.33169016838782006,0.7916518152436162,0.8050762600265443,0.00177964405156672
madelon,0.14,Task.DATA_IMBALANCE,RF,0.5395119430486853,0.7227665317139002,0.22238833094213292,0.6538011695906433,0.32235338508741357,0.756670501009957,1.258050052076578,0.002320146234706044
madelon,0.15,Task.DATA_IMBALANCE,DT,0.6249731111191827,0.7513076923076923,0.30186486486486486,0.6500000000000001,0.410718462823726,0.8392277594146398,0.4491395745892078,0.0022511567454785108
madelon,0.15,Task.DATA_IMBALANCE,RF,0.6102617930111718,0.7629230769230769,0.34271426708351727,0.6100000000000001,0.4024938830968308,0.8180297029255128,2.44466100926511,0.0033333908766508104
madelon,0.16,Task.DATA_IMBALANCE,DT,0.6052422156577787,0.7668131868131868,0.29249911548543767,0.7238095238095238,0.41367677505784917,0.796807656257708,0.5397264000494033,0.0018192026298493146
madelon,0.16,Task.DATA_IMBALANCE,RF,0.6283179649761088,0.735018315018315,0.3919418707654002,0.45714285714285713,0.3939678984695782,0.8626680314826395,2.233333394816145,0.00271232258528471
madelon,0.17,Task.DATA_IMBALANCE,DT,0.6446596151029444,0.7743873517786561,0.39121050732892837,0.5841897233201581,0.4438316498316498,0.845487580374239,0.47599960076622666,0.002772509166970849
madelon,0.17,Task.DATA_IMBALANCE,RF,0.5754980336829444,0.7638127090301005,0.2838307362845357,0.7181818181818181,0.39696997308937604,0.7540260942765129,2.496700564958155,0.004631002945825457
madelon,0.18,Task.DATA_IMBALANCE,DT,0.5499579932708609,0.7696488294314381,0.26046747849337365,0.7644927536231885,0.3859575907963005,0.7139583957454214,0.637980273598805,0.0028747632168233395
madelon,0.18,Task.DATA_IMBALANCE,RF,0.5585661671619737,0.7533556298773691,0.27488252497907084,0.6532608695652173,0.3758670475535162,0.7412652867704315,2.2907183811534195,0.003204158181324601
madelon,0.19,Task.DATA_IMBALANCE,DT,0.636698106844536,0.7780923076923077,0.351389707548476,0.664,0.4534303710477226,0.8199658426413492,0.6048093997873366,0.002728690579533577
madelon,0.19,Task.DATA_IMBALANCE,RF,0.5724137262593998,0.7422769230769231,0.29668383163228523,0.6799999999999999,0.40339369676687475,0.7414337557519246,2.2312079483643172,0.0035612079780548813
madelon,0.2,Task.DATA_IMBALANCE,DT,0.6890020482445275,0.8154437869822486,0.43509996010872687,0.6692307692307693,0.5132424598529655,0.8647616366360895,0.42190537303686143,0.0021388520020991565
madelon,0.2,Task.DATA_IMBALANCE,RF,0.6200950086850525,0.7607692307692309,0.3687783209235718,0.6076923076923076,0.4356719271647041,0.8045180902054012,2.047429141122848,0.004384189657866955
madelon,None,Task.FEATURE_INADEQUACY,DT,0.8772711767593524,0.9423076923076923,0.8939289386445542,0.8615384615384617,0.8746646433916168,0.8798777101270879,0.12364133461378515,0.001124749006703496
madelon,None,Task.FEATURE_INADEQUACY,RF,0.8836681933745206,0.9464378698224852,0.8806541302686041,0.8907692307692308,0.8843612139252933,0.882975172823748,0.3104752860497683,0.0017574784345924855
madelon,0.0,Task.NOISY_DATA,DT,0.8972764662427568,0.9617310994020485,0.9094822392245137,0.88796992481203,0.898428826047979,0.8961241064375347,0.8275333972182125,0.038733089342713356
madelon,0.0,Task.NOISY_DATA,RF,0.7898067122023662,0.8686134627908354,0.8412363738034084,0.7278195488721805,0.7798932967201392,0.7997201276845931,2.9674489784054456,0.03978633442893624
madelon,0.01,Task.NOISY_DATA,DT,0.8922899772246069,0.9589182491565854,0.9017676047787635,0.8853766491700951,0.8934441464633981,0.8911358079858159,0.8433595072943717,0.039152671489864586
madelon,0.01,Task.NOISY_DATA,RF,0.759606866231262,0.8398689590572879,0.7955640812313686,0.7058532272325375,0.747339887808321,0.7718738446542032,3.3137341543566436,0.03898385292850435
madelon,0.02,Task.NOISY_DATA,DT,0.8861136647382468,0.9534117647058823,0.9032162460616066,0.8701886792452831,0.8860647843165163,0.8861625451599775,0.8553072325885296,0.03920615576207638
madelon,0.02,Task.NOISY_DATA,RF,0.7668524335013055,0.8456214584781996,0.8131560123690008,0.7019011406844106,0.7532520584177451,0.7804528085848659,3.42513343738392,0.03920236774720252
madelon,0.03,Task.NOISY_DATA,DT,0.8807120431189057,0.9512683107662564,0.8973840787611836,0.8679992232147811,0.8821914331011602,0.8792326531366512,0.8337369835935533,0.038800015952438115
madelon,0.03,Task.NOISY_DATA,RF,0.7712239674725097,0.8519966302764711,0.8130930497711544,0.7074814374814374,0.7561752308289756,0.7862727041160439,3.180458689387888,0.040038761822506784
madelon,0.04,Task.NOISY_DATA,DT,0.8784187052601249,0.9452502553626149,0.8899733598514498,0.8711610486891386,0.8803886874479987,0.8764487230722511,1.0304512613918633,0.039404188841581346
madelon,0.04,Task.NOISY_DATA,RF,0.7719243254445614,0.8511880214081806,0.8202422804903582,0.7014706749189508,0.7560169019275725,0.7878317489615503,3.3234894786030056,0.03946897564455867
madelon,0.05,Task.NOISY_DATA,DT,0.8607159831062479,0.9360523363871536,0.8879585893128221,0.8342175663878798,0.8599552195986249,0.8614767466138711,0.9981051356066019,0.03916508979164064
madelon,0.05,Task.NOISY_DATA,RF,0.7518285943965355,0.8354415864103236,0.7866299260450044,0.6982276037553743,0.739076772684599,0.7645804161084715,3.1543793596327303,0.039106253813952205
madelon,0.06,Task.NOISY_DATA,DT,0.8691312261916458,0.9351177517943855,0.8860740443606782,0.8595653956539564,0.8725174772632556,0.865744975120036,1.0912454462144523,0.03946113302372396
madelon,0.06,Task.NOISY_DATA,RF,0.748235975255203,0.8255231303096024,0.7920881085778209,0.6774547074547075,0.7300291117398402,0.7664428387705657,3.250406257947907,0.03933823243714869
madelon,0.07,Task.NOISY_DATA,DT,0.8507619076085821,0.9271227575891432,0.8760144512044234,0.8261017712821379,0.85028701484606,0.8512368003711039,0.9837071244604886,0.040252362843602896
madelon,0.07,Task.NOISY_DATA,RF,0.7444990125514162,0.8316409426998504,0.7810301039687683,0.6880845836623672,0.7310052754226853,0.7579927496801468,3.2787584849633276,0.038607435021549466
madelon,0.08,Task.NOISY_DATA,DT,0.8241743788490197,0.9068136122677949,0.8434632701690237,0.8069133507927122,0.8245304870813562,0.823818270616683,1.0493098211940377,0.03883112766779959
madelon,0.08,Task.NOISY_DATA,RF,0.7493506308982323,0.8274392206792738,0.7843239739423447,0.6892693792693793,0.7335824522092179,0.7651188095872467,3.303358244569972,0.03914881367236376
madelon,0.09,Task.NOISY_DATA,DT,0.8199145329849047,0.9049933837881102,0.8364847568874321,0.8019875561700657,0.818495844403963,0.8213332215658464,0.9924544249661267,0.03920732378028333
madelon,0.09,Task.NOISY_DATA,RF,0.7329012395743313,0.8198141810319802,0.7651513248957147,0.6843415139993088,0.7221193166290474,0.7436831625196154,3.184857412893325,0.04045673976652324
madelon,0.1,Task.NOISY_DATA,DT,0.8195328729362796,0.8994884758056815,0.8419019158358259,0.792686369397396,0.8164219991831908,0.8226437466893686,1.0463324651587755,0.039083175174891946
madelon,0.1,Task.NOISY_DATA,RF,0.7401304030480738,0.8200428066369027,0.765638917636007,0.703116718515958,0.7328595567523667,0.7474012493437808,3.1459886676166207,0.03933037761598825
madelon,0.0,Task.SEMI_SUPERVISED,DT,0.8111266236011734,0.8802781065088757,0.8184216173075634,0.8,0.8090810704613449,0.8131721767410021,0.7475890196859837,0.03857328374870121
madelon,0.0,Task.SEMI_SUPERVISED,RF,0.7077930515735146,0.784810650887574,0.725386757248903,0.6715384615384615,0.696694477299819,0.7188916258472103,2.8924246970098464,0.03975352672860026
madelon,0.01,Task.SEMI_SUPERVISED,DT,0.7963093959269505,0.8683774729096914,0.8086003734475622,0.7757022130350194,0.7917488886720228,0.8008699031818785,0.6894724821671844,0.037391484202817085
madelon,0.01,Task.SEMI_SUPERVISED,RF,0.7224963867742954,0.7982625653221428,0.7461930726319521,0.6768300097276264,0.7090506703659212,0.7359421031826698,2.938105512643233,0.039342411188408734
madelon,0.02,Task.SEMI_SUPERVISED,DT,0.7887866791278435,0.8655187576833898,0.7937900165201675,0.7776072951355391,0.7855437797203002,0.7920295785353867,0.8951394945848733,0.03736785841174424
madelon,0.02,Task.SEMI_SUPERVISED,RF,0.7107364170911452,0.7768674613053884,0.7321135230758158,0.6645669291338583,0.696428356935644,0.7250444772466464,2.9133944243658334,0.039174944162368774
madelon,0.03,Task.SEMI_SUPERVISED,DT,0.7781783643294411,0.8576082994113712,0.7853166646542128,0.7643363055713654,0.7742868683219213,0.7820698603369611,0.7057561174035072,0.03624210455454886
madelon,0.03,Task.SEMI_SUPERVISED,RF,0.713411382518977,0.7879503698401337,0.7257396331398536,0.6839277809397332,0.7041758175965949,0.7226469474413589,2.8910773828160017,0.04002037197351456
madelon,0.04,Task.SEMI_SUPERVISED,DT,0.7649812373735115,0.8417804597647756,0.772611254136997,0.7496469749967613,0.7603815069679861,0.7695809677790371,0.988987359823659,0.03790494655258954
madelon,0.04,Task.SEMI_SUPERVISED,RF,0.6944789697806282,0.7741312123187519,0.7103021806844713,0.6547804119704626,0.6804176485624135,0.7085402909988431,2.8946526552550496,0.03796017672866583
madelon,0.05,Task.SEMI_SUPERVISED,DT,0.7540183780568518,0.8228232362968791,0.7649553907885396,0.7317073170731707,0.7477258638509492,0.7603108922627545,0.8966109551489353,0.037251714430749414
madelon,0.05,Task.SEMI_SUPERVISED,RF,0.6988981662929632,0.7783508797146872,0.7188108461799169,0.6511830097892816,0.6826996739190221,0.7150966586669042,2.9032141767442226,0.04013516814447939
madelon,0.06,Task.SEMI_SUPERVISED,DT,0.7501741745030138,0.8233601499631383,0.7564577105194574,0.7364096336773932,0.7458457868015851,0.7545025622044423,0.6816641704179347,0.03612192403525114
madelon,0.06,Task.SEMI_SUPERVISED,RF,0.6939525045977968,0.766475988706423,0.7103353646851405,0.6515525626636738,0.6793754797084319,0.7085295294871614,2.9540473838336765,0.039912569569423795
madelon,0.07,Task.SEMI_SUPERVISED,DT,0.734389642209126,0.8040910479947382,0.7338112446709983,0.7318637621023513,0.732598216830062,0.7361810675881901,0.7383813549298793,0.036596484435722235
madelon,0.07,Task.SEMI_SUPERVISED,RF,0.6832924995592414,0.748363868906672,0.7009194718245515,0.6397544951590596,0.6679365589857219,0.6986484401327607,2.976646103989333,0.03966803830116987
madelon,0.08,Task.SEMI_SUPERVISED,DT,0.7578237784206032,0.824129876305793,0.7631774243317981,0.7443144346346133,0.7534507824539461,0.7621967743872602,0.7135388327762484,0.036383152939379215
madelon,0.08,Task.SEMI_SUPERVISED,RF,0.6926563374699193,0.7541316155119014,0.701521024160233,0.6667163067758749,0.6831022199326637,0.7022104550071747,2.8960307617206125,0.040631176764145495
madelon,0.09,Task.SEMI_SUPERVISED,DT,0.7301706900140903,0.7940408881853535,0.7397975686700917,0.7093220338983051,0.7241087576609131,0.7362326223672677,0.7396061784587801,0.03723801840096712
madelon,0.09,Task.SEMI_SUPERVISED,RF,0.6682378911986335,0.7284743792937297,0.6741380138324349,0.6453876667868734,0.6591388816806294,0.6773369007166377,2.9877501788083465,0.03959177038632333
madelon,0.1,Task.SEMI_SUPERVISED,DT,0.7159604143875136,0.7830495689821954,0.7222343832525319,0.7010137635045137,0.7110077326184479,0.7209130961565793,0.7438209923915565,0.03684628838673234
madelon,0.1,Task.SEMI_SUPERVISED,RF,0.6537160710576213,0.7174397386857437,0.6539838967875149,0.6512857195260628,0.652342893642417,0.6550892484728256,2.959745160024613,0.04039980201050639
ozone-level-8hr,0.01,Task.DATA_IMBALANCE,DT,0.4763652811883891,0.8808477821508349,0.035303476855200994,0.7666666666666667,0.0666100586607938,0.8861205037159845,0.1447256774175912,0.0012981421779841185
ozone-level-8hr,0.01,Task.DATA_IMBALANCE,RF,0.4949041560446439,0.8957067215071681,0.049960594960594955,0.8333333333333334,0.09322032274312231,0.8965879893461655,0.38943300158716737,0.0018818921875208617
ozone-level-8hr,0.02,Task.DATA_IMBALANCE,DT,0.5328630027323746,0.8991458355494096,0.08104256854256854,0.5900000000000001,0.1399929745177423,0.9257330309470071,0.12270768801681697,0.0011823556385934352
ozone-level-8hr,0.02,Task.DATA_IMBALANCE,RF,0.5663851431249319,0.9054967556642911,0.11943597874632357,0.8099999999999999,0.20408788774717945,0.9286823985026844,0.29784223311580715,0.001783135998994112
ozone-level-8hr,0.03,Task.DATA_IMBALANCE,DT,0.5993110661550973,0.8890263700416874,0.18583229555832295,0.8,0.28157176629517056,0.917050366015024,0.14714611023664476,0.001234515756368637
ozone-level-8hr,0.03,Task.DATA_IMBALANCE,RF,0.5760471698796963,0.8847731497662356,0.14739887371466318,0.7142857142857143,0.23756037918697764,0.9145339605724148,0.3637170741334558,0.0019098144490271806
ozone-level-8hr,0.04,Task.DATA_IMBALANCE,DT,0.6004336440606821,0.9123854436289284,0.18882347986599474,0.7799999999999999,0.2983678326134618,0.9024994555079024,0.15992906265892087,0.00130219217389822
ozone-level-8hr,0.04,Task.DATA_IMBALANCE,RF,0.5662880112435171,0.9144388894798426,0.1455383628152507,0.7577777777777777,0.23936046511627906,0.8932155573707552,0.2846077936235815,0.0018657606560736895
ozone-level-8hr,0.05,Task.DATA_IMBALANCE,DT,0.6021916084171028,0.9125416219422176,0.22521168723291965,0.7893939393939394,0.319197852992948,0.8851853638412577,0.208975848602131,0.0013484183698892593
ozone-level-8hr,0.05,Task.DATA_IMBALANCE,RF,0.6289158649217612,0.9086765968374306,0.22399372422251518,0.7757575757575758,0.34002535946168466,0.9178063703818378,0.23804325386881828,0.0019337047822773456
ozone-level-8hr,0.06,Task.DATA_IMBALANCE,DT,0.5699931767064951,0.8980900545872357,0.1755936911487759,0.8723809523809523,0.2910947690743426,0.8488915843386474,0.13266611653380095,0.0013234440237283706
ozone-level-8hr,0.06,Task.DATA_IMBALANCE,RF,0.6035279349793905,0.8931448359934692,0.2015056383943945,0.8428571428571427,0.32465846219338557,0.8823974077653955,0.4366744739934802,0.0020120412111282347
ozone-level-8hr,0.07,Task.DATA_IMBALANCE,DT,0.6460722079358796,0.9142340797078324,0.2652541528239203,0.7375,0.3828500948204338,0.9092943210513253,0.1654786705505103,0.0012481540907174349
ozone-level-8hr,0.07,Task.DATA_IMBALANCE,RF,0.6489698821626051,0.9119271442754318,0.2778012100259291,0.8125,0.3998056983848827,0.8981340659403276,0.400572823965922,0.0020600592251867056
ozone-level-8hr,None,Task.FEATURE_INADEQUACY,DT,0.6628952389717963,0.9046575275679892,0.29138254804409325,0.7625,0.4103199150546749,0.9154705628889175,4.834534257743508,0.0068104572128504515
ozone-level-8hr,None,Task.FEATURE_INADEQUACY,RF,0.6633432632016547,0.9122956777647767,0.30442721035346143,0.7125,0.4056516976998905,0.921034828703419,0.24875933341681958,0.0014334666077047587
ozone-level-8hr,0.0,Task.NOISY_DATA,DT,0.6999434124716716,0.9653203836693075,0.6434615384615384,0.31142857142857144,0.41757788766229514,0.9823089372810481,0.3197566061746329,0.006911016581580043
ozone-level-8hr,0.0,Task.NOISY_DATA,RF,0.6297926375154331,0.9671107646546844,0.7,0.17523809523809522,0.278,0.9815852750308662,0.46056167548522353,0.007373969070613384
ozone-level-8hr,0.01,Task.NOISY_DATA,DT,0.6796933368112617,0.9592231373903767,0.622124542124542,0.2857142857142857,0.37851325145442793,0.9808734221680954,0.3420814392156899,0.006744411448016763
ozone-level-8hr,0.01,Task.NOISY_DATA,RF,0.6160432745531468,0.9609563002155594,0.6422222222222221,0.16333333333333333,0.25131723027375197,0.9807693188325416,0.5127786258235574,0.007319897040724754
ozone-level-8hr,0.02,Task.NOISY_DATA,DT,0.6717597508034452,0.9467166280345152,0.5294372294372294,0.2837944664031621,0.36557498675145733,0.9779445148554329,0.36989176119677725,0.006936622364446521
ozone-level-8hr,0.02,Task.NOISY_DATA,RF,0.5913335062702894,0.9522829708014893,0.5666666666666667,0.12571428571428572,0.2022792022792023,0.9803878102613766,0.5779496870469302,0.007187160057947039
ozone-level-8hr,0.03,Task.NOISY_DATA,DT,0.6836854306259796,0.952952365766043,0.6713675213675214,0.2841897233201581,0.38713517665130565,0.9802356846006534,0.3248367757536471,0.006715315813198686
ozone-level-8hr,0.03,Task.NOISY_DATA,RF,0.5831436021805301,0.9535743680188125,0.8166666666666667,0.10571428571428572,0.18568115942028984,0.9806060449407703,0.5882151051424443,0.007152236020192504
ozone-level-8hr,0.04,Task.NOISY_DATA,DT,0.6833168399539867,0.9529075735261303,0.7096031746031747,0.2658008658008658,0.3853403252290905,0.9812933546788829,0.34792595864273607,0.006616902770474553
ozone-level-8hr,0.04,Task.NOISY_DATA,RF,0.5504805388690774,0.9544433754139219,0.5633333333333332,0.07154150197628459,0.12321937321937322,0.9777417045187816,0.6629320554435253,0.0071998938452452425
ozone-level-8hr,0.05,Task.NOISY_DATA,DT,0.6766659588006301,0.9465609465825617,0.558974358974359,0.2845849802371542,0.37497424776362154,0.9783576698376386,0.359246311429888,0.007109219441190362
ozone-level-8hr,0.05,Task.NOISY_DATA,RF,0.58215484896907,0.9503193087903832,0.6928571428571428,0.1134387351778656,0.1864059423279813,0.9779037556101586,0.649842556193471,0.0074081194121390585
ozone-level-8hr,0.06,Task.NOISY_DATA,DT,0.6755679647192293,0.9484006265678661,0.5964069264069265,0.27272727272727276,0.3702524476718025,0.980883481766656,0.36605072719976306,0.007084103394299745
ozone-level-8hr,0.06,Task.NOISY_DATA,RF,0.5918751254886662,0.9554121479894677,0.73,0.11948051948051948,0.20439886039886038,0.9793513905784719,0.6402588528115303,0.007458694977685809
ozone-level-8hr,0.07,Task.NOISY_DATA,DT,0.6542086041895571,0.9525574955357315,0.6327777777777778,0.22380952380952382,0.3279120879120879,0.9805051204670262,0.37971033304929735,0.006766307866200805
ozone-level-8hr,0.07,Task.NOISY_DATA,RF,0.5480796608966313,0.9528509994947567,0.65,0.06536796536796537,0.11696442687747036,0.9791948949157921,0.6591740936972201,0.007405309239402413
ozone-level-8hr,0.08,Task.NOISY_DATA,DT,0.6644878727045862,0.9448655720896955,0.5542857142857143,0.2604761904761905,0.3484934583399544,0.9804822870692178,0.3830164809711277,0.006911541940644384
ozone-level-8hr,0.08,Task.NOISY_DATA,RF,0.549586371806941,0.9482437568653681,0.6666666666666667,0.0658008658008658,0.11956521739130435,0.9796075262225777,0.6508678805548698,0.007266638474538923
ozone-level-8hr,0.09,Task.NOISY_DATA,DT,0.6665767255305297,0.9504067444674567,0.5748051948051948,0.2563157894736842,0.35141483573074234,0.981738615330317,0.33260865826159713,0.006972272973507642
ozone-level-8hr,0.09,Task.NOISY_DATA,RF,0.5841304656581446,0.9452314009015039,0.8800000000000001,0.1103896103896104,0.1884863123993559,0.9797746189169334,0.6516668345313519,0.007269106432795524
ozone-level-8hr,0.1,Task.NOISY_DATA,DT,0.6651436509231554,0.9447593337030259,0.6876190476190477,0.23526315789473684,0.3479202279202279,0.982367073926083,0.28715778556652366,0.006660369038581848
ozone-level-8hr,0.1,Task.NOISY_DATA,RF,0.55906761684213,0.938084709649327,0.6066666666666667,0.07984189723320159,0.1404045584045584,0.9777306752797017,0.6178296328056604,0.007210424216464162
ozone-level-8hr,0.0,Task.SEMI_SUPERVISED,DT,0.6928259467833036,0.9120340883855207,0.6312087912087911,0.3125,0.4146511441188278,0.9710007494477791,0.20336294281296433,0.006205240776762366
ozone-level-8hr,0.0,Task.SEMI_SUPERVISED,RF,0.6072057014041548,0.9191462913613148,0.6978571428571428,0.15,0.24457677457677462,0.9698346282315349,0.7110584171954543,0.0077778990380465984
ozone-level-8hr,0.01,Task.SEMI_SUPERVISED,DT,0.6702795376441412,0.8949378002745367,0.6170751633986927,0.2703629032258065,0.3708541447208492,0.9697049305674332,0.31484155063517394,0.006342809181660414
ozone-level-8hr,0.01,Task.SEMI_SUPERVISED,RF,0.5954922517259347,0.9190361187371312,0.6914285714285714,0.13205645161290322,0.22142466352992668,0.9695598399219424,0.9416100865695626,0.007699056388810277
ozone-level-8hr,0.02,Task.SEMI_SUPERVISED,DT,0.6613912222240153,0.8879054867292208,0.5334095419544336,0.26733870967741935,0.35491934047187124,0.9678631039761593,0.3194176268298179,0.006520212115719915
ozone-level-8hr,0.02,Task.SEMI_SUPERVISED,RF,0.6125219041441842,0.9215891905189366,0.8380952380952381,0.15262096774193548,0.25412987648281765,0.9709139318055504,1.011965017206967,0.007586850365623832
ozone-level-8hr,0.03,Task.SEMI_SUPERVISED,DT,0.6638584295413612,0.8764895567444393,0.5647619047619048,0.2633064516129032,0.35908315345873165,0.9686337056239906,0.2820568764116615,0.00670146094635129
ozone-level-8hr,0.03,Task.SEMI_SUPERVISED,RF,0.6089143391606445,0.9072393350329943,0.7014285714285714,0.15403225806451612,0.24809399362642934,0.9697346846948598,0.9039238793775439,0.00770697658881545
ozone-level-8hr,0.04,Task.SEMI_SUPERVISED,DT,0.6278291338485337,0.8669100169779286,0.4485042735042735,0.21569892473118282,0.29036572390640386,0.9652925437906635,0.3312878162134439,0.006509064044803381
ozone-level-8hr,0.04,Task.SEMI_SUPERVISED,RF,0.6117185443219519,0.9009021882663649,0.6822222222222222,0.15698924731182795,0.25358524516419256,0.9698518434797112,1.0390044391620905,0.007811253145337105
ozone-level-8hr,0.05,Task.SEMI_SUPERVISED,DT,0.6582895440291427,0.8395737071740218,0.4735532931121166,0.28344086021505377,0.35115887489747666,0.9654202131608087,0.3512264444027096,0.006491092033684254
ozone-level-8hr,0.05,Task.SEMI_SUPERVISED,RF,0.600909659193345,0.883612998593329,0.7314285714285714,0.13870967741935486,0.23137153960683374,0.9704477787798561,1.024365887371823,0.007761681033298373
ozone-level-8hr,0.06,Task.SEMI_SUPERVISED,DT,0.6651232158019413,0.8430228763087582,0.5029831932773109,0.2866666666666667,0.36360911613825586,0.9666373154656268,0.39804543601348996,0.006475785980001092
ozone-level-8hr,0.06,Task.SEMI_SUPERVISED,RF,0.5877788070514314,0.8891081215744894,0.7766666666666666,0.12000000000000002,0.20516892752186872,0.9703886865809942,1.1585551666095852,0.00781825538724661
ozone-level-8hr,0.07,Task.SEMI_SUPERVISED,DT,0.6256980334809156,0.8056940040973654,0.4046894409937888,0.22666666666666666,0.28845153752454816,0.962944529437283,0.2537518400233239,0.006419717520475388
ozone-level-8hr,0.07,Task.SEMI_SUPERVISED,RF,0.5978386140501141,0.8824750070968559,0.6790909090909091,0.13999999999999999,0.22656842968252774,0.9691087984177006,1.1281826003454625,0.007760654995217919
ozone-level-8hr,0.08,Task.SEMI_SUPERVISED,DT,0.6299588607145399,0.7967428393480709,0.3849339066730371,0.24666666666666667,0.29791913091110367,0.9619985905179762,0.3419231921900064,0.006445688102394343
ozone-level-8hr,0.08,Task.SEMI_SUPERVISED,RF,0.6043595827420243,0.8755748465699549,0.6267965367965369,0.15333333333333332,0.2397620667491543,0.9689570987348942,1.3247817694209516,0.007745328918099403
ozone-level-8hr,0.09,Task.SEMI_SUPERVISED,DT,0.6750702849277062,0.7980461572728288,0.4710303536619326,0.3354022988505747,0.38668770448288203,0.9634528653725305,0.4001365483738482,0.00637694401666522
ozone-level-8hr,0.09,Task.SEMI_SUPERVISED,RF,0.6152645459493361,0.8640039166096252,0.7075091575091574,0.16735632183908045,0.26125570184627717,0.9692733900523951,1.1664686630479992,0.007937597809359431
ozone-level-8hr,0.1,Task.SEMI_SUPERVISED,DT,0.6607955586875903,0.7669057937853868,0.4292063492063492,0.31080459770114943,0.35919047619047617,0.9624006411847045,0.34450702122412624,0.006424895953387022
ozone-level-8hr,0.1,Task.SEMI_SUPERVISED,RF,0.6133448892345464,0.8582719493899521,0.572121212121212,0.16942528735632184,0.2587057387057387,0.9679840397633545,1.3342199656181037,0.007954837987199426
phoneme,0.25,Task.DATA_IMBALANCE,DT,0.8391231785226069,0.9583854023146872,0.6538826046360573,0.9014912280701755,0.7555920711649703,0.9226542858802432,0.09695921456441284,0.0016153858043253422
phoneme,0.25,Task.DATA_IMBALANCE,RF,0.8429739356320864,0.9542918733351703,0.6918145505728956,0.8468640350877192,0.7569907886502534,0.9289570826139195,0.4617399977520108,0.0028391968458890914
phoneme,0.01,Task.DATA_IMBALANCE,DT,0.5211195013466907,0.9011780104712042,0.06439599407684514,0.75,0.1171869630795462,0.9250520396138351,0.08383970563299954,0.0011126529891043902
phoneme,0.01,Task.DATA_IMBALANCE,RF,0.5376222093623511,0.9151832460732985,0.08840930311518547,0.7,0.14241461437113612,0.9328298043535661,0.3699143509380519,0.0020959911402314902
phoneme,0.02,Task.DATA_IMBALANCE,DT,0.5967546938230146,0.9173943530291698,0.17387697326992813,0.5321428571428571,0.2416229160910012,0.9518864715550279,0.09023245554417372,0.0012983900029212236
phoneme,0.02,Task.DATA_IMBALANCE,RF,0.5438482597663358,0.9035714285714285,0.09679597825797771,0.6964285714285714,0.16780559361204522,0.9198909259206263,0.411085663177073,0.002286346396431327
phoneme,0.03,Task.DATA_IMBALANCE,DT,0.5542365493269628,0.9055965413295255,0.12009588693678089,0.7393939393939395,0.20467666892383454,0.9037964297300911,0.08095608195289969,0.0012161476071923972
phoneme,0.03,Task.DATA_IMBALANCE,RF,0.5581355385637156,0.9161153419006822,0.130344927219246,0.8287878787878787,0.22088776894747042,0.8953833081799607,0.6817147608380765,0.0029900412075221537
phoneme,0.04,Task.DATA_IMBALANCE,DT,0.6483986794169772,0.9430715532286212,0.23746031746031745,0.8400000000000001,0.3643221260698918,0.9324752327640627,0.09037986244075,0.0012881440576165914
phoneme,0.04,Task.DATA_IMBALANCE,RF,0.6239662345484442,0.943001745200698,0.21482195304035906,0.8666666666666666,0.3359462759462759,0.9119861931506126,0.5101266474928707,0.0025754936039447786
phoneme,0.05,Task.DATA_IMBALANCE,DT,0.6691025898143557,0.943124827776247,0.2786647260785192,0.8421052631578947,0.4099651021951396,0.9282400774335716,0.09126454619690776,0.0013583244290202856
phoneme,0.05,Task.DATA_IMBALANCE,RF,0.6477405227812968,0.9453568476164232,0.25113880029767877,0.8526315789473685,0.3784842381384524,0.9169968074241412,0.6151219725608825,0.0030482294503599407
phoneme,0.06,Task.DATA_IMBALANCE,DT,0.6756614961398022,0.9233781015251535,0.28920617709174923,0.8173913043478261,0.4240579519842885,0.9272650402953158,0.09317291341722012,0.0012751641683280469
phoneme,0.06,Task.DATA_IMBALANCE,RF,0.674504691448621,0.9252674709765536,0.2879694628366103,0.817391304347826,0.42248552984661325,0.926523853050629,0.7897402057889849,0.003324520867317915
phoneme,0.07,Task.DATA_IMBALANCE,DT,0.698727299198365,0.9343416715144464,0.3388817067407386,0.8518518518518519,0.474398411954816,0.923056186441914,0.09908172679133713,0.001355060236528516
phoneme,0.07,Task.DATA_IMBALANCE,RF,0.6879942174461894,0.9345549738219894,0.33571268218107825,0.8,0.4529756215177607,0.9230128133746177,0.6871144559234381,0.0031493416056036947
phoneme,0.08,Task.DATA_IMBALANCE,DT,0.7085460357508544,0.94667101969457,0.35257591878987854,0.896774193548387,0.5004066093853272,0.9166854621163818,0.09501183978281916,0.0013766803313046694
phoneme,0.08,Task.DATA_IMBALANCE,RF,0.7194139061546772,0.946637862211152,0.3668465088700371,0.8774193548387096,0.5130666623346503,0.9257611499747039,0.6324654519557953,0.0033243825659155847
phoneme,0.09,Task.DATA_IMBALANCE,DT,0.7464301058673083,0.930405649170663,0.43082630351882384,0.7892436974789916,0.5532303172164924,0.9396298945181245,0.09661549334414303,0.0013208562973886727
phoneme,0.09,Task.DATA_IMBALANCE,RF,0.7179229265154021,0.9334128206256324,0.38133005016633237,0.860672268907563,0.5170299499081858,0.9188159031226183,0.6786105641629547,0.003557553421705961
phoneme,0.1,Task.DATA_IMBALANCE,DT,0.7130569017786077,0.9336042987048773,0.37001274180975696,0.8736842105263157,0.517339857450007,0.9087739461072083,0.09887833981774748,0.0014214706141501665
phoneme,0.1,Task.DATA_IMBALANCE,RF,0.7124154202179123,0.9353403141361255,0.3677986544609599,0.8789473684210526,0.5152424578918439,0.9095883825439808,0.534357435349375,0.0028341923374682666
phoneme,0.11,Task.DATA_IMBALANCE,DT,0.7516446974009535,0.9410620792819746,0.4537142166616951,0.7904761904761906,0.5721311764374084,0.9311582183644986,0.09680425431579351,0.0014525510370731354
phoneme,0.11,Task.DATA_IMBALANCE,RF,0.7263866950597557,0.9409374220892545,0.3963245522419835,0.8857142857142858,0.5434800402608613,0.9092933498586502,0.5970518021844328,0.0029569169972091915
phoneme,0.12,Task.DATA_IMBALANCE,DT,0.7264518545516122,0.9393922148873207,0.4041857934996596,0.882608695652174,0.5508284499004985,0.9020752592027256,0.09825988742522895,0.0013984126038849355
phoneme,0.12,Task.DATA_IMBALANCE,RF,0.7623032703727766,0.9356931481903027,0.4634121808844462,0.8478260869565218,0.5978734180528086,0.9267331226927447,0.795713901007548,0.0035048617981374265
phoneme,0.13,Task.DATA_IMBALANCE,DT,0.7685354308572065,0.9403171278982796,0.5126461148538872,0.807265306122449,0.6120424420107609,0.9250284197036519,0.1115424893796444,0.001518267160281539
phoneme,0.13,Task.DATA_IMBALANCE,RF,0.7698566797507045,0.9405710011753392,0.47973566571508897,0.8835918367346938,0.6185287625913316,0.9211845969100774,0.8217651641927659,0.003770424798130989
phoneme,0.14,Task.DATA_IMBALANCE,DT,0.8014723061537721,0.9523499840846478,0.5437640963184363,0.8916841369671559,0.6696503496503496,0.9332942626571945,0.11751178745180368,0.0014010828454047441
phoneme,0.14,Task.DATA_IMBALANCE,RF,0.7866551812113063,0.9473251232067789,0.5316072564256145,0.8317260656883299,0.6426205283620358,0.9306898340605766,0.7991492822300643,0.0036970928311347963
phoneme,0.15,Task.DATA_IMBALANCE,DT,0.7840403652915005,0.9455864792872234,0.5149987599440624,0.8736842105263157,0.645333633021545,0.9227470975614558,0.11558330063708126,0.0014554789755493402
phoneme,0.15,Task.DATA_IMBALANCE,RF,0.7747906444530319,0.9467805639753835,0.4937514118309709,0.8982456140350876,0.6341663801318396,0.9154149087742243,0.7635654320474714,0.0033221410121768713
phoneme,0.16,Task.DATA_IMBALANCE,DT,0.7883811323398942,0.9366835464766972,0.5377848008328584,0.8459016393442622,0.6530183856678498,0.9237438790119386,0.11101043499074877,0.0015144770033657551
phoneme,0.16,Task.DATA_IMBALANCE,RF,0.7686094446382579,0.9366148828426745,0.49416456757882254,0.8655737704918032,0.626289179486039,0.9109297097904767,0.6528572932351381,0.003284024400636554
phoneme,0.17,Task.DATA_IMBALANCE,DT,0.7909799080280138,0.9453322593636729,0.5480297298491954,0.8430769230769231,0.6609864126446586,0.9209734034113689,0.11784082520753145,0.0015246429946273565
phoneme,0.17,Task.DATA_IMBALANCE,RF,0.8176665990684938,0.94881192106323,0.610666614218642,0.8276923076923077,0.6988083250319483,0.9365248731050393,0.5917963522020727,0.003227470861747861
phoneme,0.18,Task.DATA_IMBALANCE,DT,0.8015445629514174,0.946285757644738,0.5594304524469744,0.8753623188405797,0.6813049017600709,0.921784224142764,0.11126831797882915,0.0014567029662430286
phoneme,0.18,Task.DATA_IMBALANCE,RF,0.7940013171611306,0.9435693148190302,0.5582677995721473,0.8666666666666666,0.6703840499558218,0.9176185843664395,0.5216030859854073,0.003071155957877636
phoneme,0.19,Task.DATA_IMBALANCE,DT,0.8074644725649132,0.9526227816427199,0.5683691490939793,0.9036529680365296,0.6957524470552154,0.9191764980746104,0.12764935148879886,0.0016540780197829008
phoneme,0.19,Task.DATA_IMBALANCE,RF,0.8050775838692917,0.9514386948448843,0.5586173002981152,0.9144977168949773,0.692838349265191,0.9173168184733924,0.38805526779033245,0.002427342999726534
phoneme,0.2,Task.DATA_IMBALANCE,DT,0.8211154771949364,0.945617733052288,0.6286460333196533,0.8292549555707451,0.7116414743696692,0.9305894800202037,0.09257894237525761,0.0015077747870236636
phoneme,0.2,Task.DATA_IMBALANCE,RF,0.8171073545762635,0.9484360293880822,0.6325503793521546,0.8369788106630212,0.7071375293703717,0.9270771797821554,0.4564704738091677,0.0029165171552449467
phoneme,None,Task.FEATURE_INADEQUACY,DT,0.8737547178577408,0.9599814892851681,0.7852041480642356,0.8764907252607277,0.8263971461923895,0.9211122895230922,3.499989395821467,0.0022123244125396013
phoneme,None,Task.FEATURE_INADEQUACY,RF,0.8613155221212867,0.9517250477356365,0.7524883577989507,0.8828516837831384,0.8113137941442853,0.9113172500982882,0.4860357043799013,0.002246670005843043
phoneme,0.0,Task.NOISY_DATA,DT,0.9721160984136438,0.9970681062292946,0.9655145833628426,0.9567073170731708,0.9610608130890583,0.983171383738229,0.2202581760007888,0.002049667667597532
phoneme,0.0,Task.NOISY_DATA,RF,0.9659328217434725,0.996225564141979,0.9702812728782169,0.9347560975609757,0.9521580490989393,0.9797075943880058,0.5573041415307671,0.00320305279456079
phoneme,0.01,Task.NOISY_DATA,DT,0.9765356470244282,0.9976099632072494,0.9792341804580506,0.9551524303916942,0.9670327286916234,0.986038565357233,0.18611618573777378,0.0019791352096945047
phoneme,0.01,Task.NOISY_DATA,RF,0.9686605268764202,0.9966870006319324,0.976492361384486,0.936246974728429,0.9558372680651424,0.9814837856876979,0.5552648577839137,0.0032499654218554495
phoneme,0.02,Task.NOISY_DATA,DT,0.9710910771464107,0.9972505080211554,0.9628831823605705,0.9567369708651494,0.9597087137474517,0.9824734405453697,0.2147187037859112,0.002032487792894244
phoneme,0.02,Task.NOISY_DATA,RF,0.9665064145030413,0.9957845643016243,0.977370313850942,0.9292817366682395,0.9526448059762356,0.9803680230298472,0.5735271799843759,0.003310165833681822
phoneme,0.03,Task.NOISY_DATA,DT,0.971773567299554,0.9963643859700694,0.972243287090051,0.9486354775828459,0.9602232877410873,0.9833238468580208,0.2222423912025988,0.0020299595780670643
phoneme,0.03,Task.NOISY_DATA,RF,0.9643476486317599,0.9960287239309021,0.9739684433241207,0.9262138722765995,0.9494462527848799,0.97924904447864,0.5605866570025683,0.0033434297889471053
phoneme,0.04,Task.NOISY_DATA,DT,0.9718053849327225,0.9976200191379831,0.9649072062234929,0.9558154834465278,0.9603011179516445,0.9833096519138005,0.20582069219090043,0.0020708560012280943
phoneme,0.04,Task.NOISY_DATA,RF,0.9659927823316,0.9961717304631573,0.9796148119597874,0.9253768309436736,0.9516343087447787,0.9803512559184211,0.5561149759683758,0.003227741410955787
phoneme,0.05,Task.NOISY_DATA,DT,0.9719111993424046,0.9969884464149349,0.9660960535656585,0.9543158529234479,0.9601112238930277,0.9837111747917817,0.23130631777457894,0.0020281576085835694
phoneme,0.05,Task.NOISY_DATA,RF,0.9565812513016085,0.9948466600360641,0.96630426091519,0.9126153846153846,0.9385165082890836,0.9746459943141333,0.5688250778708607,0.0032871234696358444
phoneme,0.06,Task.NOISY_DATA,DT,0.969108311435242,0.996783891454158,0.9581957563660344,0.9544643213672483,0.9562468880449405,0.9819697348255433,0.2317411237861961,0.0019839809741824866
phoneme,0.06,Task.NOISY_DATA,RF,0.958654083719528,0.99528358418632,0.9790312648389017,0.905625,0.9408485014301384,0.9764596660089178,0.5682013347744942,0.0032771251630038024
phoneme,0.07,Task.NOISY_DATA,DT,0.9658868624260322,0.9953500929002969,0.9604406151029323,0.9425591664801285,0.9513792644020581,0.9803944604500062,0.23309706021100282,0.00198488337919116
phoneme,0.07,Task.NOISY_DATA,RF,0.9596714653955585,0.9949514042587844,0.976346049415439,0.910410094637224,0.9421939768831267,0.9771489539079905,0.5656549407634884,0.00321194720454514
phoneme,0.08,Task.NOISY_DATA,DT,0.9627878531069047,0.9951667764782183,0.9557275090750987,0.9377337872483504,0.9465922906300509,0.9789834155837583,0.22549127414822578,0.0021657681092619894
phoneme,0.08,Task.NOISY_DATA,RF,0.9568012930205502,0.9945371915713389,0.9701643476047523,0.907936507936508,0.9379551254115436,0.9756474606295569,0.5668823505286127,0.0032277132384479048
phoneme,0.09,Task.NOISY_DATA,DT,0.9622428253790737,0.9951331901545858,0.9555677425725676,0.9349487104666562,0.9451050333428869,0.9793806174152607,0.2388973548077047,0.0021260582376271485
phoneme,0.09,Task.NOISY_DATA,RF,0.9561250686062713,0.9946583259693351,0.9689949095126172,0.9063263388662701,0.9365711694712179,0.9756789677413249,0.5493480178527534,0.0031936049927026033
phoneme,0.1,Task.NOISY_DATA,DT,0.9615497289519019,0.9949564128135557,0.9497998892046697,0.9386704886704887,0.9441028793916985,0.9789965785121056,0.23148439498618245,0.0020515814423561094
phoneme,0.1,Task.NOISY_DATA,RF,0.9591409115307961,0.9941878806229315,0.9705157160689633,0.9134022340536591,0.9409467141214287,0.9773351089401634,0.5634813966229558,0.0031995932105928658
phoneme,0.0,Task.SEMI_SUPERVISED,DT,0.8789270481684245,0.9553522996719614,0.8378553734928283,0.8190524373549193,0.8281193097586466,0.9297347865782026,0.1705407965928316,0.0018037450034171342
phoneme,0.0,Task.SEMI_SUPERVISED,RF,0.8698118682596462,0.9528804395212644,0.8400643280043478,0.7900402753804338,0.8137646401633252,0.9258590963559676,0.6319707376882434,0.003771877149119973
phoneme,0.01,Task.SEMI_SUPERVISED,DT,0.8748230894607264,0.9520338254300797,0.8233811474308869,0.8240076837529067,0.823485105361015,0.9261610735604382,0.18189966822974385,0.0018717693630605936
phoneme,0.01,Task.SEMI_SUPERVISED,RF,0.8728811936306593,0.9526560368948693,0.843552888256155,0.7960671317359216,0.8186109889074235,0.9271513983538953,0.6672684108372777,0.00399724212475121
phoneme,0.02,Task.SEMI_SUPERVISED,DT,0.8672421339292926,0.945389136964204,0.8236949628711144,0.7997670871465085,0.8114706123870133,0.9230136554715719,0.18094551376998425,0.0017998567782342434
phoneme,0.02,Task.SEMI_SUPERVISED,RF,0.8632008110797258,0.9495799273094429,0.8267885250657125,0.7843597988292522,0.8047159621781986,0.9216856599812531,0.6871712599880994,0.003899794025346637
phoneme,0.03,Task.SEMI_SUPERVISED,DT,0.8652803984552955,0.9428945752858938,0.8077610223411675,0.8128125919388056,0.8101734052368259,0.9203873916737653,0.18750321017578245,0.0018265748396515847
phoneme,0.03,Task.SEMI_SUPERVISED,RF,0.8682304232461886,0.9489464626727656,0.8311534386335506,0.7953515739923507,0.8124795241642442,0.9239813223281331,0.6964078655932099,0.004150420986115932
phoneme,0.04,Task.SEMI_SUPERVISED,DT,0.8595407799219421,0.9407918666884474,0.8011167734879354,0.8030343940855029,0.8019130549502984,0.917168504893586,0.18535382943227888,0.001766704535111785
phoneme,0.04,Task.SEMI_SUPERVISED,RF,0.8652496118218675,0.9498505391585998,0.82815912929784,0.7892789028179579,0.8080347585336902,0.9224644651100448,0.6798802395816892,0.003917039884254336
phoneme,0.05,Task.SEMI_SUPERVISED,DT,0.8619508416905439,0.9388428850911767,0.8006382553105725,0.8119767239881883,0.805948737248659,0.9179529461324293,0.18427797430194914,0.0017824648413807154
phoneme,0.05,Task.SEMI_SUPERVISED,RF,0.8662906790325501,0.9493392922009483,0.8269690111827593,0.7941875108563488,0.8100562467030752,0.922525111362025,0.7088477980345488,0.004059168137609958
phoneme,0.06,Task.SEMI_SUPERVISED,DT,0.8584750406992565,0.9359320297951583,0.8004844593196996,0.8006666666666666,0.8004377502334513,0.9165123311650616,0.1807699749711901,0.0017994708847254514
phoneme,0.06,Task.SEMI_SUPERVISED,RF,0.8687160489869916,0.9485819366852887,0.8268379296907874,0.8019999999999999,0.8137755864139979,0.9236565115599852,0.7207983279600739,0.004100744379684329
phoneme,0.07,Task.SEMI_SUPERVISED,DT,0.8489652661460815,0.9299639353702129,0.772528811302003,0.8074074074074075,0.7891800451250786,0.9087504871670843,0.18255656184628605,0.0017449384089559318
phoneme,0.07,Task.SEMI_SUPERVISED,RF,0.8680711616764751,0.9474820506575267,0.8208271862341816,0.8067340067340067,0.8133730769305266,0.9227692464224239,0.694250562414527,0.004125374415889382
phoneme,0.08,Task.SEMI_SUPERVISED,DT,0.8464502403685735,0.9278634964073259,0.7644804988746238,0.810204081632653,0.7862602024107032,0.9066402783264437,0.16812071264721454,0.0017883685883134603
phoneme,0.08,Task.SEMI_SUPERVISED,RF,0.860500819051043,0.9451456630746857,0.805499822329438,0.8013605442176871,0.8033106580846601,0.9176909800174261,0.7261664822231978,0.004134272644296289
phoneme,0.09,Task.SEMI_SUPERVISED,DT,0.8397092421984768,0.9244631577196418,0.7592634338439772,0.7937931034482759,0.7760644601142153,0.9033540242827381,0.18521298891864718,0.0017874788492918015
phoneme,0.09,Task.SEMI_SUPERVISED,RF,0.873296107175743,0.9454900820358437,0.8214355622530585,0.8213793103448275,0.8212631430358897,0.9253290713155963,0.7349120655562729,0.004256449034437537
phoneme,0.1,Task.SEMI_SUPERVISED,DT,0.8416662602136922,0.9212486660240777,0.761018510400994,0.7995620402632598,0.7794317775208863,0.903900742906498,0.1828437509946525,0.0017628967761993408
phoneme,0.1,Task.SEMI_SUPERVISED,RF,0.863051462101442,0.9443512683601087,0.8160437311657105,0.7974956445993031,0.8061546328540874,0.9199482913487966,0.7366504553705454,0.004126610653474927
qsar-biodeg,0.5,Task.DATA_IMBALANCE,DT,0.8286871788717374,0.9266938775510203,0.7226173035848529,0.8514285714285714,0.7812311174355837,0.876143240307891,0.09690394680947065,0.001232845475897193
qsar-biodeg,0.5,Task.DATA_IMBALANCE,RF,0.8469771665214141,0.926530612244898,0.7669108669108669,0.8400000000000001,0.8008811460079066,0.8930731870349217,0.20910392962396146,0.00149106839671731
qsar-biodeg,0.25,Task.DATA_IMBALANCE,DT,0.8027522431437714,0.9282259570494865,0.6745726495726496,0.7359477124183007,0.6906349206349207,0.9148695656526223,0.09396664900705218,0.0011566156521439553
qsar-biodeg,0.25,Task.DATA_IMBALANCE,RF,0.8073256412715285,0.942296918767507,0.6693734950120399,0.803921568627451,0.7077415482932724,0.9069097342497843,0.21049173357896506,0.0013882881961762906
qsar-biodeg,0.02,Task.DATA_IMBALANCE,DT,0.4799733941339913,0.8442857142857143,0.08327868852459017,0.5,0.1302611367127496,0.8296856515552331,0.06310116220265627,0.0009090121369808912
qsar-biodeg,0.02,Task.DATA_IMBALANCE,RF,0.5845295132928634,0.8257142857142858,0.21428571428571427,0.4,0.22666666666666666,0.9423923599190601,0.09949703463353217,0.001068058842793107
qsar-biodeg,0.03,Task.DATA_IMBALANCE,DT,0.495888588078373,0.8514285714285714,0.04045977011494253,0.4,0.07286527514231499,0.918911901014431,0.07174446885474026,0.0009379462338984012
qsar-biodeg,0.03,Task.DATA_IMBALANCE,RF,0.5640096341360367,0.8800000000000001,0.164795008912656,0.6,0.21336032388663967,0.9146589443854335,0.14228496067225932,0.0012579116504639388
qsar-biodeg,0.04,Task.DATA_IMBALANCE,DT,0.6064770613020964,0.8714285714285716,0.22871156385587624,0.7333333333333333,0.31523639758933875,0.8977177250148545,0.07137278309091925,0.0009091366082429886
qsar-biodeg,0.04,Task.DATA_IMBALANCE,RF,0.5396403843611756,0.8857142857142858,0.13078799249530956,0.7333333333333333,0.21598510185466707,0.8632956668676842,0.23997906958684326,0.0014185241889208555
qsar-biodeg,0.05,Task.DATA_IMBALANCE,DT,0.5831529258872887,0.8709523809523809,0.3321538461538462,0.5333333333333333,0.26736881559220393,0.8989370361823734,0.056148161413148046,0.0009272183757275343
qsar-biodeg,0.05,Task.DATA_IMBALANCE,RF,0.6255867538040625,0.9004761904761904,0.3945929339477726,0.5666666666666667,0.341344537815126,0.9098289697929989,0.12420999477617442,0.0011812211945652963
qsar-biodeg,0.06,Task.DATA_IMBALANCE,DT,0.6473894021035326,0.9367857142857143,0.2647207098205283,0.95,0.40373568460524983,0.8910431196018151,0.08245302913710476,0.000969192385673523
qsar-biodeg,0.06,Task.DATA_IMBALANCE,RF,0.6849472822395071,0.950357142857143,0.3621052631578947,0.75,0.4327501026814528,0.9371444617975614,0.257972514256835,0.0015412728767842053
qsar-biodeg,0.07,Task.DATA_IMBALANCE,DT,0.6560989245339187,0.8771428571428572,0.3268398268398268,0.48,0.37240047534165177,0.9397973737261855,0.07495031980797648,0.0009637623559683561
qsar-biodeg,0.07,Task.DATA_IMBALANCE,RF,0.6879196505151433,0.9148571428571429,0.38383838383838387,0.52,0.4253246753246754,0.9505146257056107,0.24632993298582734,0.0013446399942040443
qsar-biodeg,0.08,Task.DATA_IMBALANCE,DT,0.6775310588027705,0.9106666666666665,0.362251154642459,0.8600000000000001,0.47571154898741097,0.87935056861813,0.0793497203849256,0.0009702885989099741
qsar-biodeg,0.08,Task.DATA_IMBALANCE,RF,0.6773062476214476,0.9450476190476191,0.32222222222222224,0.9333333333333333,0.46672932330827066,0.8878831719346245,0.25058053177781403,0.0014385801274329423
qsar-biodeg,0.09,Task.DATA_IMBALANCE,DT,0.644381688836148,0.9,0.281002331002331,0.7761904761904762,0.40418258212375857,0.8845807955485373,0.05743532353080809,0.0008712766226381064
qsar-biodeg,0.09,Task.DATA_IMBALANCE,RF,0.625318711262318,0.9113605442176871,0.2676010125945941,0.9333333333333332,0.4078260802409545,0.8428113422836813,0.19458656799979507,0.0013915079645812512
qsar-biodeg,0.1,Task.DATA_IMBALANCE,DT,0.6191966918910847,0.8975510204081634,0.32742424242424245,0.8571428571428571,0.42848143512724235,0.809911948654927,0.0853290481492877,0.0010360047221183778
qsar-biodeg,0.1,Task.DATA_IMBALANCE,RF,0.6951276120440182,0.9130612244897961,0.4103809523809524,0.8571428571428571,0.501998426998427,0.8882567970896096,0.1723514965735376,0.0013321317732334138
qsar-biodeg,0.11,Task.DATA_IMBALANCE,DT,0.7539525514558632,0.9085714285714286,0.5414266892527761,0.675,0.570617815886966,0.9372872870247602,0.0819947768934071,0.000991440610960126
qsar-biodeg,0.11,Task.DATA_IMBALANCE,RF,0.7442077338493881,0.9107142857142858,0.6323809523809525,0.55,0.5457824933687003,0.9426329743300761,0.1629755651578307,0.0013335058465600014
qsar-biodeg,0.12,Task.DATA_IMBALANCE,DT,0.7240462121675961,0.9311111111111112,0.41846153846153855,0.8111111111111111,0.5391392920804686,0.9089531322547234,0.08677371740341186,0.0010142546147108079
qsar-biodeg,0.12,Task.DATA_IMBALANCE,RF,0.6656974712419591,0.9299603174603174,0.33873015873015866,0.8083333333333332,0.46274720448633494,0.8686477379975832,0.2034462303854525,0.0014313687570393085
qsar-biodeg,0.13,Task.DATA_IMBALANCE,DT,0.6616745678704761,0.9361904761904762,0.3563411201801295,0.8666666666666666,0.4751296583033929,0.8482194774375593,0.08894996931776404,0.0009914821945130824
qsar-biodeg,0.13,Task.DATA_IMBALANCE,RF,0.7417197904201212,0.9380952380952381,0.44169360051712997,0.888888888888889,0.5790192416279373,0.9044203392123048,0.12663724357262254,0.0012411754578351974
qsar-biodeg,0.14,Task.DATA_IMBALANCE,DT,0.7527200868245616,0.9082857142857144,0.4735678813939684,0.8400000000000001,0.5980236941646478,0.9074164794844755,0.0976434440817684,0.0010874831583350896
qsar-biodeg,0.14,Task.DATA_IMBALANCE,RF,0.7644640146657864,0.9097142857142858,0.4975875350140056,0.8600000000000001,0.6202214082214083,0.9087066211101644,0.2198268544394523,0.0013346280436962843
qsar-biodeg,0.15,Task.DATA_IMBALANCE,DT,0.7374789242197946,0.8821558441558441,0.491540404040404,0.6781818181818181,0.5580631833206204,0.9168946651189687,0.09488493138924241,0.001090329373255372
qsar-biodeg,0.15,Task.DATA_IMBALANCE,RF,0.740281461828589,0.9138181818181819,0.4896574440052701,0.7181818181818181,0.5694763008106337,0.9110866228465444,0.245978725515306,0.0014421521220356226
qsar-biodeg,0.16,Task.DATA_IMBALANCE,DT,0.7454715610109641,0.9223376623376623,0.4775420875420876,0.8545454545454547,0.5937115516062884,0.8972315704156397,0.10032562320120633,0.0010891532525420188
qsar-biodeg,0.16,Task.DATA_IMBALANCE,RF,0.7939494577290965,0.9314285714285715,0.5654273504273505,0.8,0.657955341325753,0.92994357413244,0.20493412516079842,0.0013892962597310543
qsar-biodeg,0.17,Task.DATA_IMBALANCE,DT,0.7585296915854838,0.940952380952381,0.47753048079135035,0.9333333333333333,0.6264135864135864,0.8906457967573811,0.09404181740246713,0.0010721089784055948
qsar-biodeg,0.17,Task.DATA_IMBALANCE,RF,0.8029548027971188,0.9457142857142855,0.5566725264818572,0.9333333333333332,0.6901440380666621,0.9157655675275755,0.3254419580101967,0.0014101926237344742
qsar-biodeg,0.18,Task.DATA_IMBALANCE,DT,0.8099097245119469,0.9366300366300366,0.6253650793650793,0.8602564102564104,0.6976681043554109,0.9221513446684828,0.08064985666424036,0.0010490932036191225
qsar-biodeg,0.18,Task.DATA_IMBALANCE,RF,0.7815287399153823,0.9385531135531135,0.5436335403726708,0.876923076923077,0.6555209326974032,0.9075365471333612,0.18247081902809442,0.001449231943115592
qsar-biodeg,0.19,Task.DATA_IMBALANCE,DT,0.7520911158349893,0.8987284144427001,0.48671866447728523,0.8505494505494505,0.6141680712114149,0.8900141604585639,0.10630890070460737,0.00114106722176075
qsar-biodeg,0.19,Task.DATA_IMBALANCE,RF,0.7525713843662127,0.9126059654631083,0.5082987161390065,0.8032967032967033,0.6114860426929393,0.8936567260394863,0.24201510180719196,0.0014656148385256528
qsar-biodeg,0.2,Task.DATA_IMBALANCE,DT,0.7487798053737464,0.9324489795918367,0.531748980293872,0.8285714285714285,0.6235146118689038,0.874044998878589,0.0947412344161421,0.0010811531916260718
qsar-biodeg,0.2,Task.DATA_IMBALANCE,RF,0.8113283728214036,0.9332653061224491,0.6125128205128205,0.8714285714285713,0.7034620296689262,0.9191947159738809,0.2543570944108069,0.001602304633706808
qsar-biodeg,None,Task.FEATURE_INADEQUACY,DT,0.8501258751367213,0.9365079365079364,0.7914619883040934,0.8222222222222222,0.8021235050840314,0.8981282451894115,0.1462084483820945,0.0009740866255015135
qsar-biodeg,None,Task.FEATURE_INADEQUACY,RF,0.8631294032030736,0.9411111111111111,0.8184781851209397,0.8277777777777778,0.8170370614802784,0.9092217449258687,4.757506208540872,0.0027042585890740154
qsar-biodeg,0.0,Task.NOISY_DATA,DT,0.9167886955679962,0.9790478924707318,0.9077957758820352,0.8717918622848201,0.8890354793740176,0.9445419117619751,0.2197873334866017,0.00422907629981637
qsar-biodeg,0.0,Task.NOISY_DATA,RF,0.9081161937294292,0.9752202825264937,0.9344651483781918,0.8242566510172145,0.874635606074708,0.9415967813841499,0.3289598350413144,0.004552479414269328
qsar-biodeg,0.01,Task.NOISY_DATA,DT,0.8969217078111912,0.97234713244003,0.8724146414393374,0.8522334004024146,0.8616671912344505,0.932176224387932,0.2257235033903271,0.004236509557813406
qsar-biodeg,0.01,Task.NOISY_DATA,RF,0.8960882369072835,0.9730687160533142,0.9091812456992722,0.8146713615023475,0.8582019426594043,0.9339745311551624,0.3236054380424321,0.004571785219013691
qsar-biodeg,0.02,Task.NOISY_DATA,DT,0.8951989674711726,0.9701377056666238,0.8689301908704895,0.8528370221327968,0.8599397008766267,0.9304582340657183,0.21190132084302604,0.004245237866416574
qsar-biodeg,0.02,Task.NOISY_DATA,RF,0.8862587607618158,0.9687010003282104,0.8996029899727039,0.7948088531187123,0.8434937293063036,0.9290237922173281,0.29032421703450384,0.0045591050293296576
qsar-biodeg,0.03,Task.NOISY_DATA,DT,0.8811445741905516,0.9645318720835652,0.8530379027365328,0.8305432595573441,0.8409542215713071,0.9213349268097965,0.22790760546922684,0.0042558720801025626
qsar-biodeg,0.03,Task.NOISY_DATA,RF,0.8871511399710726,0.9658909981628904,0.8910007470204299,0.8028985507246377,0.844450953939532,0.9298513260026133,0.32885760413482784,0.0044972534291446205
qsar-biodeg,0.04,Task.NOISY_DATA,DT,0.8795597867734127,0.9620617468335491,0.8772280611743308,0.7965473145780051,0.8341978072138977,0.9249217663329279,0.2170117309782654,0.004247019719332457
qsar-biodeg,0.04,Task.NOISY_DATA,RF,0.8781047065438138,0.9651198680646467,0.8900915504302811,0.7820971867007673,0.83063795344393,0.9255714596436977,0.3297905188053846,0.004430479044094682
qsar-biodeg,0.05,Task.NOISY_DATA,DT,0.8739470191328202,0.9611711613674799,0.8348829106902944,0.824083546462063,0.8289538687688103,0.9189401694968303,0.2350012451875955,0.004294096166267991
qsar-biodeg,0.05,Task.NOISY_DATA,RF,0.8872771603901389,0.9677680004611524,0.8898200919869236,0.8045654082528534,0.8436260708008477,0.93092824997943,0.3278489677701145,0.00449718083254993
qsar-biodeg,0.06,Task.NOISY_DATA,DT,0.8721924763921208,0.955484942275764,0.8407956890837326,0.8132566069906224,0.8257949011767328,0.9185900516075087,0.21127227977849544,0.004360456392168999
qsar-biodeg,0.06,Task.NOISY_DATA,RF,0.8722968851208057,0.9629014410705095,0.8792495269850091,0.7687924016282226,0.8198771338572008,0.9247166363844105,0.32925957678817214,0.004482864961028099
qsar-biodeg,0.07,Task.NOISY_DATA,DT,0.87498312525783,0.9544538257751037,0.8535372601721619,0.8101023017902813,0.8290741775098954,0.9208920730057647,0.23975993958301842,0.004418518207967281
qsar-biodeg,0.07,Task.NOISY_DATA,RF,0.8684465844924063,0.9622668486035474,0.8760699570439204,0.7656716417910447,0.8152670408876086,0.9216261280972043,0.3270172093994915,0.004674338456243277
qsar-biodeg,0.08,Task.NOISY_DATA,DT,0.8745485228151668,0.9504833254848238,0.8432534601548687,0.8210462776659961,0.8318488905900988,0.9172481550402349,0.2510008097626269,0.004237328190356493
qsar-biodeg,0.08,Task.NOISY_DATA,RF,0.8637598946699679,0.9515814080563862,0.8656874825338287,0.7609306409130816,0.809612774410773,0.917907014929163,0.32847250257618726,0.004592493595555425
qsar-biodeg,0.09,Task.NOISY_DATA,DT,0.8725759353911762,0.9510435663627153,0.843868136156108,0.8142857142857143,0.8280950280946826,0.9170568426876698,0.24092223262414336,0.004234238062053919
qsar-biodeg,0.09,Task.NOISY_DATA,RF,0.8708462838409133,0.9507783596397118,0.8872884989620686,0.7670929241261721,0.8200928336290205,0.9215997340528059,0.3488645170815289,0.004640859784558415
qsar-biodeg,0.1,Task.NOISY_DATA,DT,0.8690617216777845,0.9455529352494864,0.8452291498791297,0.8009937888198756,0.8217018222188079,0.9164216211367613,0.2642667019739747,0.004260954353958369
qsar-biodeg,0.1,Task.NOISY_DATA,RF,0.8751264972401758,0.9535157041540021,0.8872493610438525,0.7828571428571429,0.8282904882764907,0.9219625062038608,0.34550688727758827,0.004663357557728886
qsar-biodeg,0.0,Task.SEMI_SUPERVISED,DT,0.8377537167218916,0.9243524375670489,0.8084130017295422,0.7584115805946791,0.7821285563239904,0.893378877119793,0.1991220678202808,0.004057209985330701
qsar-biodeg,0.0,Task.SEMI_SUPERVISED,RF,0.8361740154206896,0.9301341381623072,0.8320747845392195,0.730281690140845,0.7767615142650178,0.8955865165763612,0.3666408761870116,0.004805699642747641
qsar-biodeg,0.01,Task.SEMI_SUPERVISED,DT,0.8552520551086777,0.9226330331063644,0.836663836075169,0.7762977867203219,0.8051250205356034,0.9053790896817521,0.2136895858682692,0.0040843340568244456
qsar-biodeg,0.01,Task.SEMI_SUPERVISED,RF,0.8428880270312078,0.9285855808398509,0.8423350583171121,0.7364989939637827,0.785367250054921,0.9004088040074947,0.38728887694887815,0.004868741985410452
qsar-biodeg,0.02,Task.SEMI_SUPERVISED,DT,0.8536299795400291,0.9280896305268278,0.8242468367944931,0.7864386317907445,0.8041663549659394,0.9030936041141191,0.1795616145245731,0.004104510555043817
qsar-biodeg,0.02,Task.SEMI_SUPERVISED,RF,0.8493989021099608,0.9307299982807968,0.8416735416223121,0.7549698189134808,0.7958364557465138,0.9029613484734078,0.4259750635828823,0.005002324189990759
qsar-biodeg,0.03,Task.SEMI_SUPERVISED,DT,0.8507318207148413,0.9144168391994478,0.8226204558082253,0.7820289855072463,0.8000227534966097,0.9014408879330732,0.18898623320274055,0.004192670993506909
qsar-biodeg,0.03,Task.SEMI_SUPERVISED,RF,0.8482763339837012,0.9279489302967564,0.8359133989073051,0.7589648033126295,0.794882204669552,0.9016704632978507,0.36300126956775786,0.0049742009490728375
qsar-biodeg,0.04,Task.SEMI_SUPERVISED,DT,0.8393931681275179,0.918505157860815,0.7930830039525691,0.7833954451345756,0.787957994997773,0.890828341257263,0.20516495523042977,0.004133656341582537
qsar-biodeg,0.04,Task.SEMI_SUPERVISED,RF,0.8384940177721137,0.9249640928129168,0.8210715056530473,0.748695652173913,0.7825992780518306,0.8943887574923967,0.4231668046209961,0.00494309812784195
qsar-biodeg,0.05,Task.SEMI_SUPERVISED,DT,0.8458456358697111,0.9177884987987289,0.8088694018097395,0.7837169650468884,0.7955743373031119,0.8961169344363105,0.1999439435545355,0.004075560020282865
qsar-biodeg,0.05,Task.SEMI_SUPERVISED,RF,0.8435800054608211,0.9290785088739053,0.8359756116472588,0.7456947996589939,0.7880869145648127,0.8990730963568294,0.38585792826488613,0.004730275692418217
qsar-biodeg,0.06,Task.SEMI_SUPERVISED,DT,0.8326827671972745,0.9085207114069298,0.787883227883228,0.7714407502131287,0.7791982668800042,0.8861672675145449,0.17274450878612696,0.004144702339544892
qsar-biodeg,0.06,Task.SEMI_SUPERVISED,RF,0.8449548140345821,0.92872806576229,0.838119843987112,0.7508098891730605,0.7908602233120845,0.8990494047570797,0.3926202950999141,0.004826331418007613
qsar-biodeg,0.07,Task.SEMI_SUPERVISED,DT,0.8147827975373874,0.8964605416566542,0.7750463591794163,0.732926277702397,0.7511015020004994,0.8784640930742753,0.1698042823933065,0.004108740575611591
qsar-biodeg,0.07,Task.SEMI_SUPERVISED,RF,0.8484844805878076,0.9250192605034675,0.8426150448349027,0.7570330167345094,0.7937926227268142,0.9031763384488014,0.40881352019496264,0.004926847573369741
qsar-biodeg,0.08,Task.SEMI_SUPERVISED,DT,0.8071606556986118,0.884299936981623,0.7509717908118974,0.7476456876456876,0.745941855534453,0.8683794558627709,0.21507919039577245,0.0040924864821136
qsar-biodeg,0.08,Task.SEMI_SUPERVISED,RF,0.838066719706595,0.919134268105925,0.8245350335938572,0.7446153846153847,0.7802654278963048,0.895868011516885,0.4645120745524764,0.004975094646215439
qsar-biodeg,0.09,Task.SEMI_SUPERVISED,DT,0.8180915708562015,0.8843817483187563,0.7682439145553899,0.7532867132867133,0.7589087856991867,0.8772743560132161,0.2169782060664147,0.004043255979195237
qsar-biodeg,0.09,Task.SEMI_SUPERVISED,RF,0.8376009310139251,0.918889448259527,0.8297808203741267,0.7379020979020978,0.7797006023668847,0.8955012596609656,0.46289097545668484,0.004916592035442591
qsar-biodeg,0.1,Task.SEMI_SUPERVISED,DT,0.8014494243098607,0.878389776674938,0.7399132477564332,0.7431701631701632,0.73978033571844,0.8631185129012813,0.21718362714163958,0.004059566417708993
qsar-biodeg,0.1,Task.SEMI_SUPERVISED,RF,0.8366351003648175,0.9127232784419881,0.8301247771836007,0.7371095571095572,0.7795560028047189,0.8937141979249162,0.44329940318129957,0.004974230052903294
churn,0.01,Task.DATA_IMBALANCE,DT,0.5514965199796644,0.8792416111020762,0.09573804480952601,0.72,0.15791434486494854,0.9450786950943803,0.09723180839791894,0.0013482063543051482
churn,0.01,Task.DATA_IMBALANCE,RF,0.5459936311937967,0.8626971865343958,0.08684722222222221,0.72,0.1504551396316102,0.9415321227559831,0.3550044090952724,0.0026741256471723316
churn,0.02,Task.DATA_IMBALANCE,DT,0.6161617673921459,0.9668002475560614,0.20996031357177855,0.9083333333333332,0.31066310160427807,0.9216604331800138,0.10679921959526836,0.0013789805583655835
churn,0.02,Task.DATA_IMBALANCE,RF,0.5743260771214056,0.9614523288941893,0.13421789392228983,0.9111111111111111,0.22806332918777042,0.9205888250550409,0.3610334236174822,0.002583957556635141
churn,0.03,Task.DATA_IMBALANCE,DT,0.7721365548817193,0.9155033964246846,0.5399150458305388,0.7115384615384616,0.5688722163079621,0.9754008934554765,0.14247250650078058,0.0021308541763573885
churn,0.03,Task.DATA_IMBALANCE,RF,0.6764855572283961,0.9189087239534468,0.2795595479571139,0.8076923076923077,0.3990049261083744,0.9539661883484178,0.4838012808468193,0.0028011323884129524
churn,0.04,Task.DATA_IMBALANCE,DT,0.713491039221542,0.9236065662057454,0.39065998070030333,0.7457516339869281,0.47294771613862024,0.9540343623044636,0.13153653545305133,0.0014581386931240559
churn,0.04,Task.DATA_IMBALANCE,RF,0.7576583135347285,0.9182913352543995,0.42180362740707567,0.7568627450980392,0.5413344468222071,0.9739821802472495,0.42424425859935583,0.0027014498598873617
churn,0.05,Task.DATA_IMBALANCE,DT,0.7405525344810384,0.8928568964509767,0.4189936323366556,0.7,0.5158821336615455,0.9652229353005314,0.1332114683929831,0.0014360030181705952
churn,0.05,Task.DATA_IMBALANCE,RF,0.7324614924688957,0.8884585604670171,0.39892571196919024,0.7372294372294372,0.5055060408001584,0.959416944137633,0.5403234747704119,0.003099263645708561
churn,0.06,Task.DATA_IMBALANCE,DT,0.8177307918688417,0.9219779709854844,0.5809115022908127,0.8193846153846154,0.6634203808171754,0.9720412029205079,0.12623318205587566,0.0014001468662172556
churn,0.06,Task.DATA_IMBALANCE,RF,0.7568383669957859,0.9163021145818998,0.44284427284427286,0.796923076923077,0.5560624281992783,0.9576143057922935,0.3690107483882457,0.0028015020303428172
churn,0.07,Task.DATA_IMBALANCE,DT,0.7910481825071366,0.8938778482499414,0.5298473683534659,0.7666666666666666,0.6173273302621245,0.9647690347521486,0.13340115821920334,0.0014588106889277697
churn,0.07,Task.DATA_IMBALANCE,RF,0.7909102474074269,0.8987221047686165,0.5140439691027926,0.7866666666666667,0.6170050125313283,0.9648154822835258,0.5432978400029242,0.0031166180036962033
churn,0.08,Task.DATA_IMBALANCE,DT,0.8477074808502728,0.9300772597215825,0.6478515042380588,0.8305882352941175,0.7221453648863866,0.9732695968141591,0.14858468296006322,0.001545046828687191
churn,0.08,Task.DATA_IMBALANCE,RF,0.8081098690885243,0.930333592536055,0.5293677187443648,0.86,0.6540069525789327,0.9622127855981158,0.3285786148160696,0.002564476942643523
churn,0.09,Task.DATA_IMBALANCE,DT,0.8587929336280185,0.9088747278832958,0.7056680791974909,0.7967611336032389,0.7427028366158801,0.9748830306401569,0.13684436776675285,0.001679921755567193
churn,0.09,Task.DATA_IMBALANCE,RF,0.827419405500921,0.9068458245663781,0.6421359940872137,0.7651821862348177,0.6877471424199897,0.9670916685818524,0.3169292156584561,0.0025680252350866795
churn,0.1,Task.DATA_IMBALANCE,DT,0.8270118846252277,0.9292492580432008,0.6082465460114002,0.8409745293466223,0.6946718553700015,0.959351913880454,0.13099462259560823,0.0017838206607848407
churn,0.1,Task.DATA_IMBALANCE,RF,0.8331160580297178,0.921310076258697,0.6204566515404825,0.8225913621262458,0.7029130645201823,0.9633190515392531,0.3922928861342371,0.002515729144215584
churn,0.11,Task.DATA_IMBALANCE,DT,0.8718309351100115,0.9277966847326076,0.7300572350152181,0.8310283687943262,0.7719742821362852,0.971687588083738,0.15021407883614302,0.0017749580554664135
churn,0.11,Task.DATA_IMBALANCE,RF,0.8446462651778889,0.9316818097236206,0.6607178655421295,0.814095744680851,0.7248510773768853,0.9644414529788922,0.3151206213980913,0.002314224233850837
churn,0.12,Task.DATA_IMBALANCE,DT,0.8660374337644198,0.9130120312883652,0.7242587561506318,0.8092006033182504,0.7625829495927965,0.969491917936043,0.14647504105232656,0.0015834895893931389
churn,0.12,Task.DATA_IMBALANCE,RF,0.859742851237077,0.903547972950267,0.7093619038271595,0.8013574660633485,0.7513972357733171,0.9680884667008373,0.4968372471630573,0.0029347312171012162
churn,0.13,Task.DATA_IMBALANCE,DT,0.8731262604986588,0.9207279503442294,0.7422141045609554,0.831103896103896,0.778146344265853,0.9681061767314645,0.13607168216258286,0.0017273502424359321
churn,0.13,Task.DATA_IMBALANCE,RF,0.8486448219186874,0.9225385583408838,0.6610793650793652,0.8383766233766234,0.7371786263928158,0.9601110174445591,0.3973260845057666,0.0028655406553298236
churn,0.14,Task.DATA_IMBALANCE,DT,0.8603966685640035,0.9252751290730703,0.7010639888900758,0.8272677595628416,0.7582986668245686,0.9624946703034383,0.16012247945182026,0.001703418232500553
churn,0.14,Task.DATA_IMBALANCE,RF,0.8716680486479691,0.9285577446656363,0.7280206432973357,0.8372131147540983,0.7774915437500433,0.9658445535458948,0.5271387159824371,0.0032092382200062273
churn,0.15,Task.DATA_IMBALANCE,DT,0.8575854963427207,0.9211678441564398,0.7149127502735368,0.8103365384615385,0.7555633815716342,0.9596076111138074,0.14744865177199246,0.0016684759873896837
churn,0.15,Task.DATA_IMBALANCE,RF,0.8495250697318399,0.9129070484152102,0.672230714966664,0.8414903846153846,0.7440681086879725,0.9549820307757072,0.5402493975590914,0.003102123597636819
churn,0.16,Task.DATA_IMBALANCE,DT,0.8361606689502379,0.9138626635529329,0.6607305814902267,0.8098465473145782,0.7232833188766581,0.9490380190238179,0.1634078708011657,0.0015688695944845676
churn,0.16,Task.DATA_IMBALANCE,RF,0.8668125498310824,0.9043943463107205,0.7586841269303246,0.7924978687127024,0.7713088015116943,0.9623162981504704,0.5143990816082805,0.0033064104616642
churn,None,Task.FEATURE_INADEQUACY,DT,0.8976965903681018,0.9177609037975891,0.830798108966907,0.8182293762575453,0.8239918732016651,0.9714013075345382,0.7496168683748692,0.001953284768387675
churn,None,Task.FEATURE_INADEQUACY,RF,0.8825140344515946,0.9098900178323696,0.7986575524949496,0.8039436619718311,0.7986595948403302,0.9663684740628588,3.2726944491732866,0.00324161471799016
churn,0.0,Task.NOISY_DATA,DT,0.9702957590758562,0.9984720804319446,0.9554386370644465,0.9373245614035088,0.9462259692638126,0.9943655488879,0.2987866195850074,0.004026885004714131
churn,0.0,Task.NOISY_DATA,RF,0.9283783494246622,0.9966703011761668,0.9606203519602612,0.7955043859649122,0.869246707752381,0.9875099910969434,0.6628146394155919,0.004993579210713505
churn,0.01,Task.NOISY_DATA,DT,0.9535026305837464,0.9973957039877128,0.9313357542777952,0.9016767676767676,0.9160936072552757,0.990911653912217,0.3444650975987315,0.004133313428610563
churn,0.01,Task.NOISY_DATA,RF,0.9288873813905753,0.9966738269029181,0.9593920855615758,0.7983920841063699,0.8705176750090627,0.9872570877720876,0.7396350692026317,0.004942085780203343
churn,0.02,Task.NOISY_DATA,DT,0.952731516803326,0.996837482938389,0.9342588092910674,0.8972554144884242,0.9150318527495038,0.9904311808571478,0.3398419700562954,0.004106093244627118
churn,0.02,Task.NOISY_DATA,RF,0.9192494475127756,0.9958087737357157,0.9549546964663242,0.7717862402693035,0.8526377971257295,0.9858610978998218,0.834725987398997,0.004929013643413782
churn,0.03,Task.NOISY_DATA,DT,0.9515589356441344,0.9969954565609985,0.9212277847200527,0.9054552514074936,0.912907576471933,0.990210294816336,0.3381546863820404,0.0039792584720999
churn,0.03,Task.NOISY_DATA,RF,0.9113162282765431,0.9956151159052486,0.9647843852054379,0.7406142611683848,0.8377154131713682,0.9849170433817183,0.9350903107784688,0.004994219215586781
churn,0.04,Task.NOISY_DATA,DT,0.951938031253124,0.996876617583894,0.9311314581823771,0.8970297029702972,0.9134249986466736,0.9904510638595745,0.3890718290582299,0.004317960189655423
churn,0.04,Task.NOISY_DATA,RF,0.8983224507044791,0.9947882641824946,0.9593160825410394,0.7080482456140351,0.8133127410702669,0.9833321603386913,0.9714425838086754,0.005071657942607999
churn,0.05,Task.NOISY_DATA,DT,0.9505800016239168,0.9962202737698853,0.9315347886175724,0.8918787878787879,0.9108006697708196,0.990359333477014,0.38855452006682756,0.00413908357731998
churn,0.05,Task.NOISY_DATA,RF,0.8905248690956847,0.9947004437269475,0.9739099866413475,0.6807070707070707,0.7993882219861174,0.9816615162052523,0.9582903975620866,0.004987557558342815
churn,0.06,Task.NOISY_DATA,DT,0.9504328759261954,0.9966219890357515,0.9268774547419489,0.899111111111111,0.910505700450825,0.9903600514015661,0.3553807870019227,0.00415598526597023
churn,0.06,Task.NOISY_DATA,RF,0.9006185635524743,0.9951616305049065,0.978988167589328,0.7035162374020157,0.8172248303209674,0.9840122967839807,0.9742549849208444,0.004898327123373747
churn,0.07,Task.NOISY_DATA,DT,0.9485160322001782,0.9963684841758316,0.9331750235680485,0.8836767676767676,0.9069974820003249,0.9900345824000313,0.42802621331065893,0.004117518989369273
churn,0.07,Task.NOISY_DATA,RF,0.8775603011297305,0.9944367625368731,0.9660546734210514,0.6479166666666667,0.7746848719192977,0.9804357303401632,1.0728385959751905,0.004969529388472438
churn,0.08,Task.NOISY_DATA,DT,0.9433856266490324,0.9952148116110836,0.9278666043322424,0.8691563223227435,0.8974850348551561,0.9892862184429083,0.4195079215802252,0.004257229436188936
churn,0.08,Task.NOISY_DATA,RF,0.8678459744588244,0.9936539691770865,0.9546463079930823,0.6273684210526316,0.7564184212510293,0.9792735276666195,1.023184377187863,0.0049323316663503645
churn,0.09,Task.NOISY_DATA,DT,0.9407897803981559,0.9954436139575398,0.9224981759056583,0.8648625429553265,0.8926065173874935,0.9889730434088181,0.4062804311979562,0.004133295593783259
churn,0.09,Task.NOISY_DATA,RF,0.8696071361533304,0.9918797973970704,0.950374367416621,0.6351973684210527,0.7598495602166994,0.9793647120899613,1.0297780469991267,0.005149566195905208
churn,0.1,Task.NOISY_DATA,DT,0.9397722869275172,0.9953421927387239,0.9247872507816097,0.860398078242965,0.8903076782849153,0.9892368955701191,0.4176143224351108,0.0042387278284877535
churn,0.1,Task.NOISY_DATA,RF,0.8545963402496698,0.9928269313093903,0.9595777245067307,0.5926331615120275,0.731742326992648,0.9774503535066914,1.0321706575807184,0.004963295813649893
churn,0.0,Task.SEMI_SUPERVISED,DT,0.8919745872722432,0.9127831698034626,0.9094015895293494,0.7354010588352812,0.8114588141653968,0.9724903603790894,0.2723423795774579,0.0038245888892561196
churn,0.0,Task.SEMI_SUPERVISED,RF,0.8523104982826881,0.9123443676612141,0.9645228981749316,0.5997103186494857,0.738384241393991,0.9662367551713855,0.7901530041825027,0.005568355275318027
churn,0.01,Task.SEMI_SUPERVISED,DT,0.8914886148376384,0.9166337906117011,0.9120271181280251,0.7308409321175279,0.8106493650643907,0.9723278646108862,0.2813058963511139,0.00396257140673697
churn,0.01,Task.SEMI_SUPERVISED,RF,0.8589416200710648,0.9097846922484504,0.9612419897903768,0.6167781155015198,0.7506914521195286,0.967191788022601,0.8642642217222601,0.005864516599103808
churn,0.02,Task.SEMI_SUPERVISED,DT,0.8859911447945544,0.9124621482071301,0.9053626146337193,0.7192086330935252,0.8011145545436683,0.9708677350454404,0.2505989166442305,0.003947401186451316
churn,0.02,Task.SEMI_SUPERVISED,RF,0.8630066786438197,0.9154986065504656,0.9681818458179606,0.6246659815005139,0.7580222020734773,0.967991155214162,0.887915104161948,0.005869842600077391
churn,0.03,Task.SEMI_SUPERVISED,DT,0.8860766078671303,0.9109271656241529,0.888680338601463,0.7312167657178605,0.8016426264464738,0.9705105892877866,0.22950514163821936,0.0038690634071826937
churn,0.03,Task.SEMI_SUPERVISED,RF,0.8642783759757531,0.9127494006660097,0.9463680665239954,0.6373579397351684,0.7608563245057232,0.9677004274457831,0.8810104955919087,0.0060409445781260725
churn,0.04,Task.SEMI_SUPERVISED,DT,0.8891515355736761,0.911390586336263,0.8850506774262639,0.7430656934306569,0.8073084473111731,0.9709946238361793,0.2790473569650203,0.003901595389470458
churn,0.04,Task.SEMI_SUPERVISED,RF,0.86694870112318,0.9158322320866334,0.9520046417608228,0.6423357664233577,0.7655942336027909,0.9683031686435692,0.8475791092030704,0.00590617461130023
churn,0.05,Task.SEMI_SUPERVISED,DT,0.8778031793525507,0.9105348784367189,0.8639480327971377,0.7244444444444443,0.7874399314781545,0.9681664272269467,0.30942818759940566,0.003896915214136243
churn,0.05,Task.SEMI_SUPERVISED,RF,0.8594187875301558,0.9179331970006815,0.9475961550694235,0.6266666666666667,0.7517536776872709,0.967083897373041,0.7968182468321174,0.005917752580717206
churn,0.06,Task.SEMI_SUPERVISED,DT,0.872113240812743,0.9080460724993313,0.8577086690958904,0.7124174071542492,0.7773496324812866,0.9668768491441992,0.3012660750187933,0.0038604149594902992
churn,0.06,Task.SEMI_SUPERVISED,RF,0.8676800810108155,0.9105340814883401,0.9474455995074708,0.6446115288220551,0.766742681741708,0.9686174802799229,0.8959072108380497,0.006142511684447527
churn,0.07,Task.SEMI_SUPERVISED,DT,0.876033183499002,0.9113793258712264,0.8468976512985922,0.7326600117439812,0.7844823714850083,0.9675839955129957,0.2957871714606881,0.0040302064269781114
churn,0.07,Task.SEMI_SUPERVISED,RF,0.8732701020763702,0.9138984281217641,0.9554811558710327,0.6544216089254257,0.7764039052764822,0.9701362988762583,0.937573824590072,0.006140635581687093
churn,0.08,Task.SEMI_SUPERVISED,DT,0.8710041441158557,0.9050731688371668,0.8218956335003579,0.7383064997018485,0.7763775935854115,0.9656306946462999,0.28961179899051787,0.003888885537162423
churn,0.08,Task.SEMI_SUPERVISED,RF,0.8711280626365566,0.9143856945775349,0.9470471322929106,0.6547644603458558,0.7727065152788246,0.9695496099942889,0.9517828825861215,0.006327040167525411
churn,0.09,Task.SEMI_SUPERVISED,DT,0.85711403327382,0.9015644980818415,0.7893603410270446,0.7203125,0.7527103806423538,0.9615176859052861,0.28269868874922394,0.0038859191816300155
churn,0.09,Task.SEMI_SUPERVISED,RF,0.8704068678217286,0.9124180786445013,0.9372016760293306,0.65625,0.7717626671975539,0.9690510684459029,0.8595161092001945,0.006265591969713569
churn,0.1,Task.SEMI_SUPERVISED,DT,0.8616490334143425,0.9002982280832968,0.7975889328063241,0.7277840269966254,0.7605355839270012,0.9627624829016839,0.30126375518739223,0.0038926152046769857
churn,0.1,Task.SEMI_SUPERVISED,RF,0.8672720231702478,0.9108933116991553,0.9300675446249,0.6518685164354456,0.7662123736549973,0.9683316726854982,1.003692378150299,0.00641135280020535
